,firstname,surname,born,died,bornCountry,bornCity,gender,year,category,affiliation,city,country,identity
0,Wilhelm Conrad,Röntgen,1845-03-27,1923-02-10,Germany,Remscheid,male,1901,physics,Munich University,Munich,Germany,
1,Hendrik A.,Lorentz,1853-07-18,1928-02-04,the Netherlands,Arnhem,male,1902,physics,Leiden University,Leiden,the Netherlands,
2,Pieter,Zeeman,1865-05-25,1943-10-09,the Netherlands,Zonnemaire,male,1902,physics,Amsterdam University,Amsterdam,the Netherlands,
3,Henri,Becquerel,1852-12-15,1908-08-25,France,Paris,male,1903,physics,École Polytechnique,Paris,France,
4,Pierre,Curie,1859-05-15,1906-04-19,France,Paris,male,1903,physics,École municipale de physique et de chimie industrielles (Municipal School of Industrial Physics and Chemistry),Paris,France,
5,Marie,Curie,1867-11-07,1934-07-04,Poland,Warsaw,female,1903,physics,,,,
6,Marie,Curie,1867-11-07,1934-07-04,Poland,Warsaw,female,1911,chemistry,Sorbonne University,Paris,France,
7,Lord,Rayleigh,1842-11-12,1919-06-30,United Kingdom,Langford Grove Maldon Essex,male,1904,physics,Royal Institution of Great Britain,London,United Kingdom,
8,Philipp,Lenard,1862-06-07,1947-05-20,Slovakia,Bratislava,male,1905,physics,Kiel University,Kiel,Germany,
9,J.J.,Thomson,1856-12-18,1940-08-30,United Kingdom,Cheetham Hill,male,1906,physics,University of Cambridge,Cambridge,United Kingdom,
10,Albert A.,Michelson,1852-12-19,1931-05-09,Poland,Strzelno,male,1907,physics,University of Chicago,Chicago IL,USA,
11,Gabriel,Lippmann,1845-08-16,1921-07-13,Luxembourg,Hollerich,male,1908,physics,Sorbonne University,Paris,France,
12,Guglielmo,Marconi,1874-04-25,1937-07-20,Italy,Bologna,male,1909,physics,Marconi Wireless Telegraph Co. Ltd.,London,United Kingdom,
13,Ferdinand,Braun,1850-06-06,1918-04-20,Germany,Fulda,male,1909,physics,Strasbourg University,Strasbourg,Germany (now France),
14,Johannes Diderik,van der Waals,1837-11-23,1923-03-08,the Netherlands,Leiden,male,1910,physics,Amsterdam University,Amsterdam,the Netherlands,
15,Wilhelm,Wien,1864-01-13,1928-08-30,Russia,Parusnoye,male,1911,physics,Würzburg University,Würzburg,Germany,
16,Gustaf,Dalén,1869-11-30,1937-12-09,Sweden,Stenstorp,male,1912,physics,Swedish Gas-Accumulator Co.,Lidingö Stockholm,Sweden,
17,Heike,Kamerlingh Onnes,1853-09-21,1926-02-21,the Netherlands,Groningen,male,1913,physics,Leiden University,Leiden,the Netherlands,
18,Max,von Laue,1879-10-09,1960-04-23,Germany,Pfaffendorf,male,1914,physics,Frankfurt-on-the-Main University,Frankfurt-on-the-Main,Germany,
19,William,Bragg,1862-07-02,1942-03-12,United Kingdom,Wigton,male,1915,physics,University College,London,United Kingdom,
20,Lawrence,Bragg,1890-03-31,1971-07-01,Australia,Adelaide,male,1915,physics,Victoria University,Manchester,United Kingdom,
21,Charles Glover,Barkla,1877-06-07,1944-10-23,United Kingdom,Widnes,male,1917,physics,Edinburgh University,Edinburgh,United Kingdom,
22,Max,Planck,1858-04-23,1947-10-04,Germany,Kiel,male,1918,physics,Berlin University,Berlin,Germany,
23,Johannes,Stark,1874-04-15,1957-06-21,Germany,Schickenhof,male,1919,physics,Greifswald University,Greifswald,Germany,
24,Charles Edouard,Guillaume,1861-02-15,1938-06-13,Switzerland,Fleurier,male,1920,physics,Bureau International des Poids et Mesures (International Bureau of Weights and Measures),Sèvres,France,
25,Albert,Einstein,1879-03-14,1955-04-18,Germany,Ulm,male,1921,physics,Kaiser-Wilhelm-Institut (now Max-Planck-Institut) für Physik,Berlin,Germany,
26,Niels,Bohr,1885-10-07,1962-11-18,Denmark,Copenhagen,male,1922,physics,Copenhagen University,Copenhagen,Denmark,
27,Robert A.,Millikan,1868-03-22,1953-12-19,USA,Morrison IL,male,1923,physics,California Institute of Technology (Caltech),Pasadena CA,USA,
28,Manne,Siegbahn,1886-12-03,1978-09-26,Sweden,Örebro,male,1924,physics,Uppsala University,Uppsala,Sweden,
29,James,Franck,1882-08-26,1964-05-21,Germany,Hamburg,male,1925,physics,Goettingen University,Göttingen,Germany,
30,Gustav,Hertz,1887-07-22,1975-10-30,Germany,Hamburg,male,1925,physics,Halle University,Halle,Germany,
31,Jean Baptiste,Perrin,1870-09-30,1942-04-17,France,Lille,male,1926,physics,Sorbonne University,Paris,France,
32,Arthur H.,Compton,1892-09-10,1962-03-15,USA,Wooster OH,male,1927,physics,University of Chicago,Chicago IL,USA,
33,C.T.R.,Wilson,1869-02-14,1959-11-15,Scotland,Glencorse,male,1927,physics,University of Cambridge,Cambridge,United Kingdom,
34,Owen Willans,Richardson,1879-04-26,1959-02-15,United Kingdom,Dewsbury,male,1928,physics,London University,London,United Kingdom,
35,Louis,de Broglie,1892-08-15,1987-03-19,France,Dieppe,male,1929,physics,Sorbonne University Institut Henri Poincaré,Paris,France,
36,Sir Chandrasekhara Venkata,Raman,1888-11-07,1970-11-21,India,Tiruchirappalli,male,1930,physics,Calcutta University,Calcutta,India,Asian
37,Werner,Heisenberg,1901-12-05,1976-02-01,Germany,Würzburg,male,1932,physics,Leipzig University,Leipzig,Germany,
38,Erwin,Schrödinger,1887-08-12,1961-01-04,Austria,Vienna,male,1933,physics,Berlin University,Berlin,Germany,
39,Paul A.M.,Dirac,1902-08-08,1984-10-20,United Kingdom,Bristol,male,1933,physics,University of Cambridge,Cambridge,United Kingdom,
40,James,Chadwick,1891-10-20,1974-07-24,United Kingdom,Manchester,male,1935,physics,Liverpool University,Liverpool,United Kingdom,
41,Victor F.,Hess,1883-06-24,1964-12-17,Austria,Peggau,male,1936,physics,Innsbruck University,Innsbruck,Austria,
42,Carl D.,Anderson,1905-09-03,1991-01-11,USA,New York NY,male,1936,physics,California Institute of Technology (Caltech),Pasadena CA,USA,
43,Clinton,Davisson,1881-10-22,1958-02-01,USA,Bloomington IL,male,1937,physics,Bell Telephone Laboratories,New York NY,USA,
44,George Paget,Thomson,1892-05-03,1975-09-10,United Kingdom,Cambridge,male,1937,physics,London University,London,United Kingdom,
45,Enrico,Fermi,1901-09-29,1954-11-28,Italy,Rome,male,1938,physics,Rome University,Rome,Italy,
46,Ernest,Lawrence,1901-08-08,1958-08-27,USA,Canton SD,male,1939,physics,University of California,Berkeley CA,USA,
47,Otto,Stern,1888-02-17,1969-08-17,Poland,Zory,male,1943,physics,Carnegie Institute of Technology,Pittsburgh PA,USA,
48,Isidor Isaac,Rabi,1898-07-29,1988-01-11,Poland,Rymanow,male,1944,physics,Columbia University,New York NY,USA,
49,Wolfgang,Pauli,1900-04-25,1958-12-15,Austria,Vienna,male,1945,physics,Princeton University,Princeton NJ,USA,
50,Percy W.,Bridgman,1882-04-21,1961-08-20,USA,Cambridge MA,male,1946,physics,Harvard University,Cambridge MA,USA,
51,Edward V.,Appleton,1892-09-06,1965-04-21,United Kingdom,Bradford,male,1947,physics,Department of Scientific and Industrial Research,London,United Kingdom,
52,Patrick M.S.,Blackett,1897-11-18,1974-07-13,United Kingdom,London,male,1948,physics,Victoria University,Manchester,United Kingdom,
53,Hideki,Yukawa,1907-01-23,1981-09-08,Japan,Tokyo,male,1949,physics,Columbia University,New York NY,USA,Asian
54,Cecil,Powell,1903-12-05,1969-08-09,United Kingdom,Tonbridge,male,1950,physics,Bristol University,Bristol,United Kingdom,
55,John,Cockcroft,1897-05-27,1967-09-18,United Kingdom,Todmorden,male,1951,physics,Atomic Energy Research Establishment,Harwell Berkshire,United Kingdom,
56,Ernest T.S.,Walton,1903-10-06,1995-06-25,Ireland,Dungarvan,male,1951,physics,Trinity College,Dublin,Ireland,
57,Felix,Bloch,1905-10-23,1983-09-10,Switzerland,Zurich,male,1952,physics,Stanford University,Stanford CA,USA,
58,E. M.,Purcell,1912-08-30,1997-03-07,USA,Taylorville IL,male,1952,physics,Harvard University,Cambridge MA,USA,
59,Frits,Zernike,1888-07-16,1966-03-10,the Netherlands,Amsterdam,male,1953,physics,Groningen University,Groningen,the Netherlands,
60,Max,Born,1882-12-11,1970-01-05,Poland,Wroclaw,male,1954,physics,Edinburgh University,Edinburgh,United Kingdom,
61,Walther,Bothe,1891-01-08,1957-02-08,Germany,Oranienburg,male,1954,physics,University of Heidelberg,Heidelberg,Germany,
62,Willis E.,Lamb,1913-07-12,2008-05-15,USA,Los Angeles CA,male,1955,physics,Stanford University,Stanford CA,USA,
63,Polykarp,Kusch,1911-01-26,1993-03-20,Germany,Blankenburg,male,1955,physics,Columbia University,New York NY,USA,
64,William B.,Shockley,1910-02-13,1989-08-12,United Kingdom,London,male,1956,physics,Semiconductor Laboratory of Beckman Instruments Inc.,Mountain View CA,USA,
65,John,Bardeen,1908-05-23,1991-01-30,USA,Madison WI,male,1956,physics,University of Illinois,Urbana IL,USA,
66,John,Bardeen,1908-05-23,1991-01-30,USA,Madison WI,male,1972,physics,University of Illinois,Urbana IL,USA,
67,Walter H.,Brattain,1902-02-10,1987-10-13,China,Amoy,male,1956,physics,Bell Telephone Laboratories,Murray Hill NJ,USA,
68,Chen Ning,Yang,1922-09-22,0000-00-00,China,Hofei Anhwei,male,1957,physics,Institute for Advanced Study,Princeton NJ,USA,Asian
69,Tsung-Dao,Lee,1926-11-24,0000-00-00,China,Shanghai,male,1957,physics,Columbia University,New York NY,USA,Asian
70,Pavel A.,Cherenkov,1904-07-28,1990-01-06,Russia,Novaya Chigla,male,1958,physics,P.N. Lebedev Physical Institute,Moscow,USSR (now Russia),
71,Igor Y.,Tamm,1895-07-08,1971-04-12,Russia,Vladivostok,male,1958,physics,Lomonosov Moscow State University,Moscow,USSR (now Russia),
72,Emilio,Segrè,1905-02-01,1989-04-22,Italy,Tivoli,male,1959,physics,University of California,Berkeley CA,USA,
73,Owen,Chamberlain,1920-07-10,2006-02-28,USA,San Francisco CA,male,1959,physics,University of California,Berkeley CA,USA,
74,Donald A.,Glaser,1926-09-21,2013-02-28,USA,Cleveland OH,male,1960,physics,University of California,Berkeley CA,USA,
75,Robert,Hofstadter,1915-02-05,1990-11-17,USA,New York NY,male,1961,physics,Stanford University,Stanford CA,USA,
76,Rudolf,Mössbauer,1929-01-31,2011-09-14,Germany,Munich,male,1961,physics,Technical University,Munich,Germany,
77,Lev,Landau,1908-01-22,1968-04-01,Azerbaijan,Baku,male,1962,physics,Academy of Sciences,Moscow,USSR (now Russia),
78,Eugene,Wigner,1902-11-17,1995-01-01,Hungary,Budapest,male,1963,physics,Princeton University,Princeton NJ,USA,
79,Maria,Goeppert Mayer,1906-06-28,1972-02-20,Poland,Katowice,female,1963,physics,University of California,San Diego CA,USA,
80,J. Hans D.,Jensen,1907-06-25,1973-02-11,Germany,Hamburg,male,1963,physics,University of Heidelberg,Heidelberg,Germany,
81,Charles H.,Townes,1915-07-28,2015-01-27,USA,Greenville SC,male,1964,physics,Massachusetts Institute of Technology (MIT),Cambridge MA,USA,
82,Nicolay G.,Basov,1922-12-14,2001-07-01,Russia,Usman,male,1964,physics,P.N. Lebedev Physical Institute,Moscow,USSR (now Russia),
83,Aleksandr M.,Prokhorov,1916-07-11,2002-01-08,Australia,Atherton,male,1964,physics,P.N. Lebedev Physical Institute,Moscow,USSR (now Russia),
84,Sin-Itiro,Tomonaga,1906-03-31,1979-07-08,Japan,Kyoto,male,1965,physics,Tokyo University of Education,Tokyo,Japan,Asian
85,Julian,Schwinger,1918-02-12,1994-07-16,USA,New York NY,male,1965,physics,Harvard University,Cambridge MA,USA,
86,Richard P.,Feynman,1918-05-11,1988-02-15,USA,New York NY,male,1965,physics,California Institute of Technology (Caltech),Pasadena CA,USA,
87,Alfred,Kastler,1902-05-03,1984-01-07,France,Guebwiller,male,1966,physics,École Normale Supérieure,Paris,France,
88,Hans,Bethe,1906-07-02,2005-03-06,France,Strasbourg,male,1967,physics,Cornell University,Ithaca NY,USA,
89,Luis,Alvarez,1911-06-13,1988-09-01,USA,San Francisco CA,male,1968,physics,University of California,Berkeley CA,USA,
90,Murray,Gell-Mann,1929-09-15,2019-05-24,USA,New York NY,male,1969,physics,California Institute of Technology (Caltech),Pasadena CA,USA,
91,Hannes,Alfvén,1908-05-30,1995-04-02,Sweden,Norrköping,male,1970,physics,Royal Institute of Technology,Stockholm,Sweden,
92,Louis,Néel,1904-11-22,2000-11-17,France,Lyon,male,1970,physics,University of Grenoble,Grenoble,France,
93,Dennis,Gabor,1900-06-05,1979-02-08,Hungary,Budapest,male,1971,physics,Imperial College,London,United Kingdom,
94,Leon N.,Cooper,1930-02-28,0000-00-00,USA,New York NY,male,1972,physics,Brown University,Providence RI,USA,
95,Robert,Schrieffer,1931-05-31,2019-07-27,USA,Oak Park IL,male,1972,physics,University of Pennsylvania,Philadelphia PA,USA,
96,Leo,Esaki,1925-03-12,0000-00-00,Japan,Osaka,male,1973,physics,IBM Thomas J. Watson Research Center,Yorktown Heights NY,USA,Asian
97,Ivar,Giaever,1929-04-05,0000-00-00,Norway,Bergen,male,1973,physics,General Electric Company,Schenectady NY,USA,
98,Brian D.,Josephson,1940-01-04,0000-00-00,United Kingdom,Cardiff,male,1973,physics,University of Cambridge,Cambridge,United Kingdom,
99,Martin,Ryle,1918-09-27,1984-10-14,United Kingdom,Brighton,male,1974,physics,University of Cambridge,Cambridge,United Kingdom,
100,Antony,Hewish,1924-05-11,2021-09-13,United Kingdom,Fowey,male,1974,physics,University of Cambridge,Cambridge,United Kingdom,
101,Aage N.,Bohr,1922-06-19,2009-09-08,Denmark,Copenhagen,male,1975,physics,Niels Bohr Institute,Copenhagen,Denmark,
102,Ben R.,Mottelson,1926-07-09,2022-05-13,USA,Chicago IL,male,1975,physics,Nordita,Copenhagen,Denmark,
103,James,Rainwater,1917-12-09,1986-03-31,USA,Council ID,male,1975,physics,Columbia University,New York NY,USA,
104,Burton,Richter,1931-03-22,2018-07-18,USA,Brooklyn NY,male,1976,physics,Stanford Linear Accelerator Center,Stanford CA,USA,
105,Samuel C.C.,Ting,1936-01-27,0000-00-00,USA,Ann Arbor MI,male,1976,physics,Massachusetts Institute of Technology (MIT),Cambridge MA,USA,Asian
106,Philip W.,Anderson,1923-12-13,2020-03-29,USA,Indianapolis IN,male,1977,physics,Bell Telephone Laboratories,Murray Hill NJ,USA,
107,Sir Nevill F.,Mott,1905-09-30,1996-08-08,United Kingdom,Leeds,male,1977,physics,University of Cambridge,Cambridge,United Kingdom,
108,John H.,Van Vleck,1899-03-13,1980-10-27,USA,Middletown CT,male,1977,physics,Harvard University,Cambridge MA,USA,
109,Pyotr,Kapitsa,1894-07-09,1984-04-08,Russia,Kronshtadt,male,1978,physics,Academy of Sciences,Moscow,USSR (now Russia),
110,Arno,Penzias,1933-04-26,2024-01-22,Germany,Munich,male,1978,physics,Bell Laboratories,Holmdel NJ,USA,
111,Robert Woodrow,Wilson,1936-01-10,0000-00-00,USA,Houston TX,male,1978,physics,Bell Laboratories,Holmdel NJ,USA,
112,Sheldon,Glashow,1932-12-05,0000-00-00,USA,New York NY,male,1979,physics,Harvard University Lyman Laboratory,Cambridge MA,USA,
113,Abdus,Salam,1926-01-29,1996-11-21,Pakistan,Jhang Maghiāna,male,1979,physics,International Centre for Theoretical Physics,Trieste,Italy,Asian
114,Steven,Weinberg,1933-05-03,2021-07-23,USA,New York NY,male,1979,physics,Harvard University,Cambridge MA,USA,
115,James,Cronin,1931-09-29,2016-08-25,USA,Chicago IL,male,1980,physics,University of Chicago,Chicago IL,USA,
116,Val,Fitch,1923-03-10,2015-02-05,USA,Merriman NE,male,1980,physics,Princeton University,Princeton NJ,USA,
117,Nicolaas,Bloembergen,1920-03-11,2017-09-05,the Netherlands,Dordrecht,male,1981,physics,Harvard University,Cambridge MA,USA,
118,Arthur L.,Schawlow,1921-05-05,1999-04-28,USA,Mount Vernon NY,male,1981,physics,Stanford University,Stanford CA,USA,
119,Kai M.,Siegbahn,1918-04-20,2007-07-20,Sweden,Lund,male,1981,physics,Uppsala University,Uppsala,Sweden,
120,Kenneth G.,Wilson,1936-06-08,2013-06-15,USA,Waltham MA,male,1982,physics,Cornell University,Ithaca NY,USA,
121,Subrahmanyan,Chandrasekhar,1910-10-19,1995-08-21,Pakistan,Lahore,male,1983,physics,University of Chicago,Chicago IL,USA,Asian
122,William A.,Fowler,1911-08-09,1995-03-14,USA,Pittsburgh PA,male,1983,physics,California Institute of Technology (Caltech),Pasadena CA,USA,
123,Carlo,Rubbia,1934-03-31,0000-00-00,Italy,Gorizia,male,1984,physics,CERN,Geneva,Switzerland,
124,Simon,van der Meer,1925-11-24,2011-03-04,the Netherlands,the Hague,male,1984,physics,CERN,Geneva,Switzerland,
125,Klaus,von Klitzing,1943-06-28,0000-00-00,Poland,Schroda,male,1985,physics,Max-Planck-Institut für Festkörperforschung,Stuttgart,Germany,
126,Ernst,Ruska,1906-12-25,1988-05-27,Germany,Heidelberg,male,1986,physics,Fritz-Haber-Institut der Max-Planck-Gesellschaft,Berlin,Germany,
127,Gerd,Binnig,1947-07-20,0000-00-00,Germany,Frankfurt-on-the-Main,male,1986,physics,IBM Zurich Research Laboratory,Rüschlikon,Switzerland,
128,Heinrich,Rohrer,1933-06-06,2013-05-16,Switzerland,Buchs,male,1986,physics,IBM Zurich Research Laboratory,Rüschlikon,Switzerland,
129,J. Georg,Bednorz,1950-05-16,0000-00-00,Germany,Neuenkirchen,male,1987,physics,IBM Zurich Research Laboratory,Rüschlikon,Switzerland,
130,K. Alex,Müller,1927-04-20,2023-01-09,Switzerland,Basel,male,1987,physics,IBM Zurich Research Laboratory,Rüschlikon,Switzerland,
131,Leon M.,Lederman,1922-07-15,2018-10-03,USA,New York NY,male,1988,physics,Fermi National Accelerator Laboratory,Batavia IL,USA,
132,Melvin,Schwartz,1932-11-02,2006-08-28,USA,New York NY,male,1988,physics,Digital Pathways Inc.,Mountain View CA,USA,
133,Jack,Steinberger,1921-05-25,2020-12-12,Germany,Bad Kissingen,male,1988,physics,CERN,Geneva,Switzerland,
134,Norman F.,Ramsey,1915-08-27,2011-11-04,USA,Washington D.C.,male,1989,physics,Harvard University,Cambridge MA,USA,
135,Hans G.,Dehmelt,1922-09-09,2017-03-07,Germany,Görlitz,male,1989,physics,University of Washington,Seattle WA,USA,
136,Wolfgang,Paul,1913-08-10,1993-12-07,Germany,Lorenzkirch,male,1989,physics,University of Bonn,Bonn,Germany,
137,Jerome I.,Friedman,1930-03-28,0000-00-00,USA,Chicago IL,male,1990,physics,Massachusetts Institute of Technology (MIT),Cambridge MA,USA,
138,Henry W.,Kendall,1926-12-09,1999-02-15,USA,Boston MA,male,1990,physics,Massachusetts Institute of Technology (MIT),Cambridge MA,USA,
139,Richard E.,Taylor,1929-11-02,2018-02-22,Canada,Medicine Hat Alberta,male,1990,physics,Stanford University,Stanford CA,USA,
140,Pierre-Gilles,de Gennes,1932-10-24,2007-05-18,France,Paris,male,1991,physics,Collège de France,Paris,France,
141,Georges,Charpak,1924-08-01,2010-09-29,Poland,Dabrovica,male,1992,physics,École Supérieure de Physique et Chimie,Paris,France,
142,Russell A.,Hulse,1950-11-28,0000-00-00,USA,New York NY,male,1993,physics,Princeton University,Princeton NJ,USA,
143,Joseph H.,Taylor Jr.,1941-03-29,0000-00-00,USA,Philadelphia PA,male,1993,physics,Princeton University,Princeton NJ,USA,
144,Bertram N.,Brockhouse,1918-07-15,2003-10-13,Canada,Lethbridge Alberta,male,1994,physics,McMaster University,Hamilton Ontario,Canada,
145,Clifford G.,Shull,1915-09-23,2001-03-31,USA,Pittsburgh PA,male,1994,physics,Massachusetts Institute of Technology (MIT),Cambridge MA,USA,
146,Martin L.,Perl,1927-06-24,2014-09-30,USA,New York NY,male,1995,physics,Stanford University,Stanford CA,USA,
147,Frederick,Reines,1918-03-16,1998-08-26,USA,Paterson NJ,male,1995,physics,University of California,Irvine CA,USA,
148,David M.,Lee,1931-01-20,0000-00-00,USA,Rye NY,male,1996,physics,Cornell University,Ithaca NY,USA,
149,Douglas D.,Osheroff,1945-08-01,0000-00-00,USA,Aberdeen WA,male,1996,physics,Stanford University,Stanford CA,USA,
150,Robert C.,Richardson,1937-06-26,2013-02-19,USA,Washington D.C.,male,1996,physics,Cornell University,Ithaca NY,USA,
151,Steven,Chu,1948-02-28,0000-00-00,USA,St. Louis MO,male,1997,physics,Stanford University,Stanford CA,USA,Asian
152,Claude,Cohen-Tannoudji,1933-04-01,0000-00-00,Algeria,Constantine,male,1997,physics,Collège de France,Paris,France,African
153,William D.,Phillips,1948-11-05,0000-00-00,USA,Wilkes-Barre PA,male,1997,physics,National Institute of Standards and Technology,Gaithersburg MD,USA,
154,Robert B.,Laughlin,1950-11-01,0000-00-00,USA,Visalia CA,male,1998,physics,Stanford University,Stanford CA,USA,
155,Horst L.,Störmer,1949-04-06,0000-00-00,Germany,Frankfurt-on-the-Main,male,1998,physics,Columbia University,New York NY,USA,
156,Daniel C.,Tsui,1939-02-28,0000-00-00,China,Henan,male,1998,physics,Princeton University,Princeton NJ,USA,Asian
157,Gerardus,'t Hooft,1946-07-05,0000-00-00,the Netherlands,Den Helder,male,1999,physics,Utrecht University,Utrecht,the Netherlands,
158,Martinus J.G.,Veltman,1931-06-27,2021-01-04,the Netherlands,Waalwijk,male,1999,physics,,,,
159,Jacobus H.,van 't Hoff,1852-08-30,1911-03-01,the Netherlands,Rotterdam,male,1901,chemistry,Berlin University,Berlin,Germany,
160,Emil,Fischer,1852-10-09,1919-07-15,Germany,Euskirchen,male,1902,chemistry,Berlin University,Berlin,Germany,
161,Svante,Arrhenius,1859-02-19,1927-10-02,Sweden,Vik,male,1903,chemistry,Stockholm University,Stockholm,Sweden,
162,Sir William,Ramsay,1852-10-02,1916-07-23,Scotland,Glasgow,male,1904,chemistry,University College,London,United Kingdom,
163,Adolf,von Baeyer,1835-10-31,1917-08-20,Germany,Berlin,male,1905,chemistry,Munich University,Munich,Germany,
164,Henri,Moissan,1852-09-28,1907-02-20,France,Paris,male,1906,chemistry,Sorbonne University,Paris,France,
165,Eduard,Buchner,1860-05-20,1917-08-13,Germany,Munich,male,1907,chemistry,Landwirtschaftliche Hochschule (Agricultural College),Berlin,Germany,
166,Ernest,Rutherford,1871-08-30,1937-10-19,New Zealand,Nelson,male,1908,chemistry,Victoria University,Manchester,United Kingdom,
167,Wilhelm,Ostwald,1853-09-02,1932-04-04,Latvia,Riga,male,1909,chemistry,Leipzig University,Leipzig,Germany,
168,Otto,Wallach,1847-03-27,1931-02-26,Russia,Kaliningrad,male,1910,chemistry,Goettingen University,Göttingen,Germany,
169,Victor,Grignard,1871-05-06,1935-12-13,France,Cherbourg,male,1912,chemistry,Nancy University,Nancy,France,
170,Paul,Sabatier,1854-11-05,1941-08-14,France,Carcassonne,male,1912,chemistry,Toulouse University,Toulouse,France,
171,Alfred,Werner,1866-12-12,1919-11-15,France,Mulhouse,male,1913,chemistry,University of Zurich,Zurich,Switzerland,
172,Theodore W.,Richards,1868-01-31,1928-04-02,USA,Germantown PA,male,1914,chemistry,Harvard University,Cambridge MA,USA,
173,Richard,Willstätter,1872-08-13,1942-08-03,Germany,Karlsruhe,male,1915,chemistry,Kaiser-Wilhelm-Institut (now Max-Planck Institut) für Chemie,Berlin-Dahlem,Germany,
174,Fritz,Haber,1868-12-09,1934-01-29,Poland,Wroclaw,male,1918,chemistry,Kaiser-Wilhelm-Institut (now Fritz-Haber-Institut) für physikalische Chemie und Electrochemie,Berlin-Dahlem,Germany,
175,Walther,Nernst,1864-06-25,1941-11-18,Poland,Wąbrzeźno,male,1920,chemistry,Berlin University,Berlin,Germany,
176,Frederick,Soddy,1877-09-02,1956-09-22,United Kingdom,Eastbourne,male,1921,chemistry,University of Oxford,Oxford,United Kingdom,
177,Francis W.,Aston,1877-09-01,1945-11-20,United Kingdom,Harborne,male,1922,chemistry,University of Cambridge,Cambridge,United Kingdom,
178,Fritz,Pregl,1869-09-03,1930-12-13,Slovenia,Ljubljana,male,1923,chemistry,Graz University,Graz,Austria,
179,Richard,Zsigmondy,1865-04-01,1929-09-24,Austria,Vienna,male,1925,chemistry,Goettingen University,Göttingen,Germany,
180,The,Svedberg,1884-08-30,1971-02-25,Sweden,Fleräng,male,1926,chemistry,Uppsala University,Uppsala,Sweden,
181,Heinrich,Wieland,1877-06-04,1957-08-05,Germany,Pforzheim,male,1927,chemistry,Munich University,Munich,Germany,
182,Adolf,Windaus,1876-12-25,1959-06-09,Germany,Berlin,male,1928,chemistry,Goettingen University,Göttingen,Germany,
183,Arthur,Harden,1865-10-12,1940-06-17,United Kingdom,Manchester,male,1929,chemistry,London University,London,United Kingdom,
184,Hans,von Euler-Chelpin,1873-02-15,1964-11-06,Germany,Augsburg,male,1929,chemistry,Stockholm University,Stockholm,Sweden,
185,Hans,Fischer,1881-07-27,1945-03-31,Germany,Hoechst,male,1930,chemistry,Technische Hochschule (Institute of Technology),Munich,Germany,
186,Carl,Bosch,1874-08-27,1940-04-26,Germany,Cologne,male,1931,chemistry,University of Heidelberg,Heidelberg,Germany,
187,Friedrich,Bergius,1884-10-11,1949-03-30,Poland,Goldschmieden near Breslau,male,1931,chemistry,University of Heidelberg,Heidelberg,Germany,
188,Irving,Langmuir,1881-01-31,1957-08-16,USA,Brooklyn NY,male,1932,chemistry,General Electric Company,Schenectady NY,USA,
189,Harold C.,Urey,1893-04-29,1981-01-05,USA,Walkerton IN,male,1934,chemistry,Columbia University,New York NY,USA,
190,Frédéric,Joliot,1900-03-19,1958-08-14,France,Paris,male,1935,chemistry,Institut du Radium,Paris,France,
191,Irène,Joliot-Curie,1897-09-12,1956-03-17,France,Paris,female,1935,chemistry,Institut du Radium,Paris,France,
192,Peter,Debye,1884-03-24,1966-11-02,the Netherlands,Maastricht,male,1936,chemistry,Berlin University,Berlin,Germany,
193,Norman,Haworth,1883-03-19,1950-03-19,United Kingdom,Chorley,male,1937,chemistry,Birmingham University,Birmingham,United Kingdom,
194,Paul,Karrer,1889-04-21,1971-06-18,Russia,Moscow,male,1937,chemistry,University of Zurich,Zurich,Switzerland,
195,Richard,Kuhn,1900-12-03,1967-07-31,Austria,Vienna,male,1938,chemistry,Kaiser-Wilhelm-Institut (now Max-Planck Institut) für Medizinische Forschung,Heidelberg,Germany,
196,Adolf,Butenandt,1903-03-24,1995-01-18,Germany,Bremerhaven-Lehe,male,1939,chemistry,Kaiser-Wilhelm-Institut (now Max-Planck-Institut) für Biochemie,Berlin-Dahlem,Germany,
197,Leopold,Ruzicka,1887-09-13,1976-09-26,Croatia,Vukovar,male,1939,chemistry,Eidgenössische Technische Hochschule (Swiss Federal Institute of Technology),Zurich,Switzerland,
198,George,de Hevesy,1885-08-01,1966-07-05,Hungary,Budapest,male,1943,chemistry,Stockholm University,Stockholm,Sweden,
199,Otto,Hahn,1879-03-08,1968-07-28,Germany,Frankfurt-on-the-Main,male,1944,chemistry,Kaiser-Wilhelm-Institut (now Max-Planck Institut) für Chemie,Berlin-Dahlem,Germany,
200,Artturi,Virtanen,1895-01-15,1973-11-11,Finland,Helsinki,male,1945,chemistry,University of Helsinki,Helsinki,Finland,
201,James B.,Sumner,1887-11-19,1955-08-12,USA,Canton MA,male,1946,chemistry,Cornell University,Ithaca NY,USA,
202,John H.,Northrop,1891-07-05,1987-05-27,USA,Yonkers NY,male,1946,chemistry,Rockefeller Institute for Medical Research,Princeton NJ,USA,
203,Wendell M.,Stanley,1904-08-16,1971-06-15,USA,Ridgeville IN,male,1946,chemistry,Rockefeller Institute for Medical Research,Princeton NJ,USA,
204,Sir Robert,Robinson,1886-09-13,1975-02-08,United Kingdom,Rufford near Chesterfield,male,1947,chemistry,University of Oxford,Oxford,United Kingdom,
205,Arne,Tiselius,1902-08-10,1971-10-29,Sweden,Stockholm,male,1948,chemistry,Uppsala University,Uppsala,Sweden,
206,William F.,Giauque,1895-05-12,1982-03-28,Canada,Niagara Falls,male,1949,chemistry,University of California,Berkeley CA,USA,
207,Otto,Diels,1876-01-23,1954-03-07,Germany,Hamburg,male,1950,chemistry,Kiel University,Kiel,Germany,
208,Kurt,Alder,1902-07-10,1958-06-20,Poland,Chorzów,male,1950,chemistry,Cologne University,Cologne,Germany,
209,Edwin M.,McMillan,1907-09-18,1991-09-07,USA,Redondo Beach CA,male,1951,chemistry,University of California,Berkeley CA,USA,
210,Glenn T.,Seaborg,1912-04-19,1999-02-25,USA,Ishpeming MI,male,1951,chemistry,University of California,Berkeley CA,USA,
211,Archer J.P.,Martin,1910-03-01,2002-07-28,United Kingdom,London,male,1952,chemistry,National Institute for Medical Research,London,United Kingdom,
212,Richard L.M.,Synge,1914-10-28,1994-08-18,United Kingdom,Liverpool,male,1952,chemistry,Rowett Research Institute,Bucksburn (Scotland),United Kingdom,
213,Hermann,Staudinger,1881-03-23,1965-09-08,Germany,Worms,male,1953,chemistry,University of Freiburg,Breisgau,Germany,
214,Linus,Pauling,1901-02-28,1994-08-19,USA,Portland OR,male,1954,chemistry,California Institute of Technology (Caltech),Pasadena CA,USA,
215,Vincent,du Vigneaud,1901-05-18,1978-12-11,USA,Chicago IL,male,1955,chemistry,Cornell University,Ithaca NY,USA,
216,Sir Cyril,Hinshelwood,1897-05-19,1967-10-09,United Kingdom,London,male,1956,chemistry,University of Oxford,Oxford,United Kingdom,
217,Nikolay,Semenov,1896-04-03,1986-09-25,Russia,Saratov,male,1956,chemistry,Institute for Chemical Physics of the Academy of Sciences of the USSR,Moscow,USSR (now Russia),
218,Lord,Todd,1907-10-02,1997-01-10,Scotland,Glasgow,male,1957,chemistry,University of Cambridge,Cambridge,United Kingdom,
219,Frederick,Sanger,1918-08-13,2013-11-19,United Kingdom,Rendcombe,male,1958,chemistry,University of Cambridge,Cambridge,United Kingdom,
220,Frederick,Sanger,1918-08-13,2013-11-19,United Kingdom,Rendcombe,male,1980,chemistry,MRC Laboratory of Molecular Biology,Cambridge,United Kingdom,
221,Jaroslav,Heyrovsky,1890-12-20,1967-03-27,Czech Republic,Prague,male,1959,chemistry,Polarographic Institute of the Czechoslovak Academy of Science,Prague,Czechoslovakia (now Czech Republic),
222,Willard F.,Libby,1908-12-17,1980-09-08,USA,Grand Valley CO,male,1960,chemistry,University of California,Los Angeles CA,USA,
223,Melvin,Calvin,1911-04-08,1997-01-08,USA,St. Paul MN,male,1961,chemistry,University of California,Berkeley CA,USA,
224,Max F.,Perutz,1914-05-19,2002-02-06,Austria,Vienna,male,1962,chemistry,MRC Laboratory of Molecular Biology,Cambridge,United Kingdom,
225,John C.,Kendrew,1917-03-24,1997-08-23,United Kingdom,Oxford,male,1962,chemistry,MRC Laboratory of Molecular Biology,Cambridge,United Kingdom,
226,Karl,Ziegler,1898-11-26,1973-08-12,Germany,Helsa,male,1963,chemistry,Max-Planck-Institut für Kohlenforschung,Mülheim an der Ruhr,Germany,
227,Giulio,Natta,1903-02-26,1979-05-02,Italy,Imperia,male,1963,chemistry,Institute of Technology,Milan,Italy,
228,Dorothy Crowfoot,Hodgkin,1910-05-12,1994-07-29,Egypt,Cairo,female,1964,chemistry,University of Oxford Royal Society,Oxford,United Kingdom,
229,Robert B.,Woodward,1917-04-10,1979-07-08,USA,Boston MA,male,1965,chemistry,Harvard University,Cambridge MA,USA,
230,Robert S.,Mulliken,1896-06-07,1986-10-31,USA,Newburyport MA,male,1966,chemistry,University of Chicago,Chicago IL,USA,
231,Manfred,Eigen,1927-05-09,2019-02-06,Germany,Bochum,male,1967,chemistry,Max-Planck-Institut für Physikalische Chemie,Göttingen,Germany,
232,Ronald G.W.,Norrish,1897-11-09,1978-06-07,United Kingdom,Cambridge,male,1967,chemistry,Institute of Physical Chemistry,Cambridge,United Kingdom,
233,George,Porter,1920-12-06,2002-08-31,United Kingdom,Stainforth,male,1967,chemistry,Royal Institution of Great Britain,London,United Kingdom,
234,Lars,Onsager,1903-11-27,1976-10-05,Norway,Oslo,male,1968,chemistry,Yale University,New Haven CT,USA,
235,Derek,Barton,1918-09-08,1998-03-16,United Kingdom,Gravesend,male,1969,chemistry,Imperial College,London,United Kingdom,
236,Odd,Hassel,1897-05-17,1981-05-11,Norway,Oslo,male,1969,chemistry,University of Oslo,Oslo,Norway,
237,Luis,Leloir,1906-09-06,1987-12-02,France,Paris,male,1970,chemistry,Institute for Biochemical Research,Buenos Aires,Argentina,Latin American
238,Gerhard,Herzberg,1904-12-25,1999-03-03,Germany,Hamburg,male,1971,chemistry,National Research Council of Canada,Ottawa,Canada,
239,Christian,Anfinsen,1916-03-26,1995-05-14,USA,Monessen PA,male,1972,chemistry,National Institutes of Health,Bethesda MD,USA,
240,Stanford,Moore,1913-09-04,1982-08-23,USA,Chicago IL,male,1972,chemistry,Rockefeller University,New York NY,USA,
241,William H.,Stein,1911-06-25,1980-02-02,USA,New York NY,male,1972,chemistry,Rockefeller University,New York NY,USA,
242,Ernst Otto,Fischer,1918-11-10,2007-07-23,Germany,Munich,male,1973,chemistry,Technical University,Munich,Germany,
243,Geoffrey,Wilkinson,1921-07-14,1996-09-26,United Kingdom,Todmorden,male,1973,chemistry,Imperial College,London,United Kingdom,
244,Paul J.,Flory,1910-06-19,1985-09-08,USA,Sterling IL,male,1974,chemistry,Stanford University,Stanford CA,USA,
245,John,Cornforth,1917-09-07,2013-12-08,Australia,Sydney,male,1975,chemistry,University of Sussex,Brighton,United Kingdom,
246,Vladimir,Prelog,1906-07-23,1998-01-07,Bosnia and Herzegovina,Sarajevo,male,1975,chemistry,Eidgenössische Technische Hochschule (Swiss Federal Institute of Technology),Zurich,Switzerland,
247,William,Lipscomb,1919-12-09,2011-04-14,USA,Cleveland OH,male,1976,chemistry,Harvard University,Cambridge MA,USA,
248,Ilya,Prigogine,1917-01-25,2003-05-28,Russia,Moscow,male,1977,chemistry,Université Libre de Bruxelles,Brussels,Belgium,
249,Peter,Mitchell,1920-09-29,1992-04-10,United Kingdom,Mitcham,male,1978,chemistry,Glynn Research Laboratories,Bodmin,United Kingdom,
250,Herbert C.,Brown,1912-05-22,2004-12-19,United Kingdom,London,male,1979,chemistry,Purdue University,West Lafayette IN,USA,
251,Georg,Wittig,1897-06-16,1987-08-26,Germany,Berlin,male,1979,chemistry,University of Heidelberg,Heidelberg,Germany,
252,Paul,Berg,1926-06-30,2023-02-15,USA,New York NY,male,1980,chemistry,Stanford University,Stanford CA,USA,
253,Walter,Gilbert,1932-03-21,0000-00-00,USA,Boston MA,male,1980,chemistry,Harvard University Biological Laboratories,Cambridge MA,USA,
254,Kenichi,Fukui,1918-10-04,1998-01-09,Japan,Nara,male,1981,chemistry,Kyoto University,Kyoto,Japan,Asian
255,Roald,Hoffmann,1937-07-18,0000-00-00,Ukraine,Zloczov,male,1981,chemistry,Cornell University,Ithaca NY,USA,
256,Aaron,Klug,1926-08-11,2018-11-20,Lithuania,Zelvas,male,1982,chemistry,MRC Laboratory of Molecular Biology,Cambridge,United Kingdom,African
257,Henry,Taube,1915-11-30,2005-11-16,Canada,Neudorf,male,1983,chemistry,Stanford University,Stanford CA,USA,
258,Bruce,Merrifield,1921-07-15,2006-05-14,USA,Fort Worth TX,male,1984,chemistry,Rockefeller University,New York NY,USA,
259,Herbert A.,Hauptman,1917-02-14,2011-10-23,USA,New York NY,male,1985,chemistry,The Medical Foundation of Buffalo,Buffalo NY,USA,
260,Jerome,Karle,1918-06-18,2013-06-06,USA,New York NY,male,1985,chemistry,US Naval Research Laboratory,Washington D.C.,USA,
261,Dudley R.,Herschbach,1932-06-18,0000-00-00,USA,San José CA,male,1986,chemistry,Harvard University,Cambridge MA,USA,
262,Yuan T.,Lee,1936-11-19,0000-00-00,Taiwan,Hsinchu,male,1986,chemistry,University of California,Berkeley CA,USA,Asian
263,John C.,Polanyi,1929-01-23,0000-00-00,Germany,Berlin,male,1986,chemistry,University of Toronto,Toronto,Canada,
264,Donald J.,Cram,1919-04-22,2001-06-17,USA,Chester VT,male,1987,chemistry,University of California,Los Angeles CA,USA,
265,Jean-Marie,Lehn,1939-09-30,0000-00-00,France,Rosheim,male,1987,chemistry,Université Louis Pasteur,Strasbourg,France,
266,Charles J.,Pedersen,1904-10-03,1989-10-26,South Korea,Pusan,male,1987,chemistry,Du Pont,Wilmington DE,USA,Asian
267,Johann,Deisenhofer,1943-09-30,0000-00-00,Germany,Zusamaltheim,male,1988,chemistry,University of Texas Southwestern Medical Center at Dallas,Dallas TX,USA,
268,Robert,Huber,1937-02-20,0000-00-00,Germany,Munich,male,1988,chemistry,Max-Planck-Institut für Biochemie,Martinsried,Germany,
269,Hartmut,Michel,1948-07-18,0000-00-00,Germany,Ludwigsburg,male,1988,chemistry,Max-Planck-Institut für Biophysik,Frankfurt-on-the-Main,Germany,
270,Sidney,Altman,1939-05-07,2022-04-05,Canada,Montreal,male,1989,chemistry,Yale University,New Haven CT,USA,
271,Thomas R.,Cech,1947-12-08,0000-00-00,USA,Chicago IL,male,1989,chemistry,University of Colorado,Boulder CO,USA,
272,Elias James,Corey,1928-07-12,0000-00-00,USA,Methuen MA,male,1990,chemistry,Harvard University,Cambridge MA,USA,
273,Richard R.,Ernst,1933-08-14,2021-06-04,Switzerland,Winterthur,male,1991,chemistry,Eidgenössische Technische Hochschule (Swiss Federal Institute of Technology),Zurich,Switzerland,
274,Rudolph A.,Marcus,1923-07-21,0000-00-00,Canada,Montreal,male,1992,chemistry,California Institute of Technology (Caltech),Pasadena CA,USA,
275,Kary B.,Mullis,1944-12-28,2019-08-07,USA,Lenoir NC,male,1993,chemistry,,,,
276,Michael,Smith,1932-04-26,2000-10-04,United Kingdom,Blackpool,male,1993,chemistry,University of British Columbia,Vancouver,Canada,
277,George A.,Olah,1927-05-22,2017-03-08,Hungary,Budapest,male,1994,chemistry,University of Southern California,Los Angeles CA,USA,
278,Paul J.,Crutzen,1933-12-03,2021-01-28,the Netherlands,Amsterdam,male,1995,chemistry,Max-Planck-Institut für Chemie,Mainz,Germany,
279,Mario J.,Molina,1943-03-19,2020-10-07,Mexico,Mexico City,male,1995,chemistry,Massachusetts Institute of Technology (MIT),Cambridge MA,USA,Latin American
280,F. Sherwood,Rowland,1927-06-28,2012-03-10,USA,Delaware OH,male,1995,chemistry,University of California,Irvine CA,USA,
281,Robert F.,Curl Jr.,1933-08-23,2022-07-03,USA,Alice TX,male,1996,chemistry,Rice University,Houston TX,USA,
282,Sir Harold,Kroto,1939-10-07,2016-04-30,United Kingdom,Wisbech Cambridgeshire,male,1996,chemistry,University of Sussex,Brighton,United Kingdom,
283,Richard E.,Smalley,1943-06-06,2005-10-28,USA,Akron OH,male,1996,chemistry,Rice University,Houston TX,USA,
284,Paul D.,Boyer,1918-07-31,2018-06-02,USA,Provo UT,male,1997,chemistry,University of California,Los Angeles CA,USA,
285,John E.,Walker,1941-01-07,0000-00-00,United Kingdom,Halifax,male,1997,chemistry,MRC Laboratory of Molecular Biology,Cambridge,United Kingdom,
286,Jens C.,Skou,1918-10-08,2018-05-28,Denmark,Lemvig,male,1997,chemistry,Aarhus University,Aarhus,Denmark,
287,Walter,Kohn,1923-03-09,2016-04-19,Austria,Vienna,male,1998,chemistry,University of California,Santa Barbara CA,USA,
288,John,Pople,1925-10-31,2004-03-15,United Kingdom,Burnham-on-Sea,male,1998,chemistry,Northwestern University,Evanston IL,USA,
289,Ahmed,Zewail,1946-02-26,2016-08-02,Egypt,Damanhur,male,1999,chemistry,California Institute of Technology (Caltech),Pasadena CA,USA,African
290,Emil,von Behring,1854-03-15,1917-03-31,Poland,Lawice,male,1901,medicine,Marburg University,Marburg,Germany,
291,Ronald,Ross,1857-05-13,1932-09-16,India,Almora,male,1902,medicine,University College,Liverpool,United Kingdom,
292,Niels Ryberg,Finsen,1860-12-15,1904-09-24,Faroe Islands (Denmark),Thorshavn,male,1903,medicine,Finsen Medical Light Institute,Copenhagen,Denmark,
293,Ivan,Pavlov,1849-09-14,1936-02-27,Russia,Ryazan,male,1904,medicine,Military Medical Academy,St. Petersburg,Russia,
294,Robert,Koch,1843-12-11,1910-05-27,Germany,Clausthal-Zellerfeld,male,1905,medicine,Institute for Infectious Diseases,Berlin,Germany,
295,Camillo,Golgi,1843-07-07,1926-01-21,Italy,Corteno,male,1906,medicine,Pavia University,Pavia,Italy,
296,Santiago,Ramón y Cajal,1852-05-01,1934-10-17,Spain,Petilla de Aragón,male,1906,medicine,Madrid University,Madrid,Spain,
297,Alphonse,Laveran,1845-06-18,1922-05-18,France,Paris,male,1907,medicine,Institut Pasteur,Paris,France,
298,Ilya,Mechnikov,1845-05-15,1916-07-15,Ukraine,Kharkiv,male,1908,medicine,Institut Pasteur,Paris,France,
299,Paul,Ehrlich,1854-03-14,1915-08-20,Poland,Strzelin,male,1908,medicine,Goettingen University,Göttingen,Germany,
300,Theodor,Kocher,1841-08-25,1917-07-27,Switzerland,Bern,male,1909,medicine,Berne University,Bern,Switzerland,
301,Albrecht,Kossel,1853-09-16,1927-07-05,Germany,Rostock,male,1910,medicine,University of Heidelberg,Heidelberg,Germany,
302,Allvar,Gullstrand,1862-06-05,1930-07-28,Sweden,Landskrona,male,1911,medicine,Uppsala University,Uppsala,Sweden,
303,Alexis,Carrel,1873-06-28,1944-11-05,France,Sainte-Foy-lès-Lyon,male,1912,medicine,Rockefeller Institute for Medical Research,New York NY,USA,
304,Charles,Richet,1850-08-26,1935-12-04,France,Paris,male,1913,medicine,Sorbonne University,Paris,France,
305,Robert,Bárány,1876-04-22,1936-04-08,Austria,Vienna,male,1914,medicine,Vienna University,Vienna,Austria,
306,Jules,Bordet,1870-06-13,1961-04-06,Belgium,Soignies,male,1919,medicine,Brussels University,Brussels,Belgium,
307,August,Krogh,1874-11-15,1949-09-13,Denmark,Grenå,male,1920,medicine,Copenhagen University,Copenhagen,Denmark,
308,Archibald V.,Hill,1886-09-26,1977-06-03,United Kingdom,Bristol,male,1922,medicine,London University,London,United Kingdom,
309,Otto,Meyerhof,1884-04-12,1951-10-06,Germany,Hanover,male,1922,medicine,Kiel University,Kiel,Germany,
310,Frederick G.,Banting,1891-11-14,1941-02-21,Canada,Alliston,male,1923,medicine,University of Toronto,Toronto,Canada,
311,John,Macleod,1876-09-06,1935-03-16,Scotland,Cluny,male,1923,medicine,University of Toronto,Toronto,Canada,
312,Willem,Einthoven,1860-05-21,1927-09-29,Indonesia,Semarang,male,1924,medicine,Leiden University,Leiden,the Netherlands,
313,Johannes,Fibiger,1867-04-23,1928-01-30,Denmark,Silkeborg,male,1926,medicine,Copenhagen University,Copenhagen,Denmark,
314,Julius,Wagner-Jauregg,1857-03-07,1940-09-27,Austria,Wels,male,1927,medicine,Vienna University,Vienna,Austria,
315,Charles,Nicolle,1866-09-21,1936-02-28,France,Rouen,male,1928,medicine,Institut Pasteur,Tunis,Tunisia,
316,Christiaan,Eijkman,1858-08-11,1930-11-05,the Netherlands,Nijkerk,male,1929,medicine,Utrecht University,Utrecht,the Netherlands,
317,Sir Frederick,Hopkins,1861-06-20,1947-05-16,United Kingdom,Eastbourne,male,1929,medicine,University of Cambridge,Cambridge,United Kingdom,
318,Karl,Landsteiner,1868-06-14,1943-06-26,Austria,Vienna,male,1930,medicine,Rockefeller Institute for Medical Research,New York NY,USA,
319,Otto,Warburg,1883-10-08,1970-08-01,Germany,Freiburg im Breisgau,male,1931,medicine,Kaiser-Wilhelm-Institut (now Max-Planck-Institut) für Biologie,Berlin-Dahlem,Germany,
320,Sir Charles,Sherrington,1857-11-27,1952-03-04,United Kingdom,London,male,1932,medicine,University of Oxford,Oxford,United Kingdom,
321,Edgar,Adrian,1889-11-30,1977-08-08,United Kingdom,London,male,1932,medicine,University of Cambridge,Cambridge,United Kingdom,
322,Thomas H.,Morgan,1866-09-25,1945-12-04,USA,Lexington KY,male,1933,medicine,California Institute of Technology (Caltech),Pasadena CA,USA,
323,George H.,Whipple,1878-08-28,1976-02-01,USA,Ashland NH,male,1934,medicine,University of Rochester,Rochester NY,USA,
324,George R.,Minot,1885-12-02,1950-02-25,USA,Boston MA,male,1934,medicine,Harvard University,Cambridge MA,USA,
325,William P.,Murphy,1892-02-06,1987-10-09,USA,Stoughton WI,male,1934,medicine,Harvard University,Cambridge MA,USA,
326,Hans,Spemann,1869-06-27,1941-09-12,Germany,Stuttgart,male,1935,medicine,University of Freiburg im Breisgau,Breisgau,Germany,
327,Sir Henry,Dale,1875-06-09,1968-07-23,United Kingdom,London,male,1936,medicine,National Institute for Medical Research,London,United Kingdom,
328,Otto,Loewi,1873-06-03,1961-12-25,Germany,Frankfurt-on-the-Main,male,1936,medicine,Graz University,Graz,Austria,
329,Albert,Szent-Györgyi,1893-09-16,1986-10-22,Hungary,Budapest,male,1937,medicine,Szeged University,Szeged,Hungary,
330,Corneille,Heymans,1892-03-28,1968-07-18,Belgium,Ghent,male,1938,medicine,Ghent University,Ghent,Belgium,
331,Gerhard,Domagk,1895-10-30,1964-04-24,Poland,Lagow,male,1939,medicine,Munster University,Munster,Germany,
332,Henrik,Dam,1895-02-21,1976-04-17,Denmark,Copenhagen,male,1943,medicine,Polytechnic Institute,Copenhagen,Denmark,
333,Edward A.,Doisy,1893-11-13,1986-10-23,USA,Hume IL,male,1943,medicine,Saint Louis University,St. Louis MO,USA,
334,Joseph,Erlanger,1874-01-05,1965-12-05,USA,San Francisco CA,male,1944,medicine,Washington University,St. Louis MO,USA,
335,Herbert S.,Gasser,1888-07-05,1963-05-11,USA,Platteville WI,male,1944,medicine,Rockefeller Institute for Medical Research,New York NY,USA,
336,Sir Alexander,Fleming,1881-08-06,1955-03-11,Scotland,Lochfield,male,1945,medicine,London University,London,United Kingdom,
337,Ernst B.,Chain,1906-06-19,1979-08-12,Germany,Berlin,male,1945,medicine,University of Oxford,Oxford,United Kingdom,
338,Sir Howard,Florey,1898-09-24,1968-02-21,Australia,Adelaide,male,1945,medicine,University of Oxford,Oxford,United Kingdom,
339,Hermann J.,Muller,1890-12-21,1967-04-05,USA,New York NY,male,1946,medicine,Indiana University,Bloomington IN,USA,
340,Carl,Cori,1896-12-05,1984-10-20,Czech Republic,Prague,male,1947,medicine,Washington University,St. Louis MO,USA,
341,Gerty,Cori,1896-08-15,1957-10-26,Czech Republic,Prague,female,1947,medicine,Washington University,St. Louis MO,USA,
342,Bernardo,Houssay,1887-04-10,1971-09-21,Argentina,Buenos Aires,male,1947,medicine,Instituto de Biologia y Medicina Experimental (Institute for Biology and Experimental Medicine),Buenos Aires,Argentina,Latin American
343,Paul,Müller,1899-01-12,1965-10-12,Switzerland,Olten,male,1948,medicine,Laboratorium der Farben-Fabriken J.R. Geigy A.G. (Laboratory of the J.R. Geigy Dye-Factory Co.),Basel,Switzerland,
344,Walter,Hess,1881-03-17,1973-08-12,Switzerland,Frauenfeld,male,1949,medicine,University of Zurich,Zurich,Switzerland,
345,Egas,Moniz,1874-11-29,1955-12-13,Portugal,Avanca,male,1949,medicine,University of Lisbon,Lisbon,Portugal,
346,Edward C.,Kendall,1886-03-08,1972-05-04,USA,South Norwalk CT,male,1950,medicine,Mayo Clinic,Rochester MN,USA,
347,Tadeus,Reichstein,1897-07-20,1996-08-01,Poland,Wloclawek,male,1950,medicine,Basel University,Basel,Switzerland,
348,Philip S.,Hench,1896-02-28,1965-03-30,USA,Pittsburgh PA,male,1950,medicine,Mayo Clinic,Rochester MN,USA,
349,Max,Theiler,1899-01-30,1972-08-11,South Africa,Pretoria,male,1951,medicine,Laboratories of the Division of Medicine and Public Health Rockefeller Foundation,New York NY,USA,African
350,Selman A.,Waksman,1888-07-22,1973-08-16,Ukraine,Nova Pryluka,male,1952,medicine,Rutgers University,New Brunswick NJ,USA,
351,Hans,Krebs,1900-08-25,1981-11-22,Germany,Hildesheim,male,1953,medicine,Sheffield University,Sheffield,United Kingdom,
352,Fritz,Lipmann,1899-06-12,1986-07-24,Russia,Kaliningrad,male,1953,medicine,Harvard Medical School,Boston MA,USA,
353,John F.,Enders,1897-02-10,1985-09-08,USA,West Hartford CT,male,1954,medicine,Harvard Medical School,Boston MA,USA,
354,Thomas H.,Weller,1915-06-15,2008-08-23,USA,Ann Arbor MI,male,1954,medicine,Research Division of Infectious Diseases Children's Medical Center,Boston MA,USA,
355,Frederick C.,Robbins,1916-08-25,2003-08-04,USA,Auburn AL,male,1954,medicine,Western Reserve University,Cleveland OH,USA,
356,Hugo,Theorell,1903-07-06,1982-08-15,Sweden,Linköping,male,1955,medicine,Karolinska Institutet Nobel Medical Institute,Stockholm,Sweden,
357,André F.,Cournand,1895-09-24,1988-02-19,France,Paris,male,1956,medicine,Columbia University Division Cardio-Pulmonary Laboratory Bellevue Hospital,New York NY,USA,
358,Werner,Forssmann,1904-08-29,1979-06-01,Germany,Berlin,male,1956,medicine,Mainz University,Mainz,Germany,
359,Dickinson W.,Richards,1895-10-30,1973-02-23,USA,Orange NJ,male,1956,medicine,Columbia University,New York NY,USA,
360,Daniel,Bovet,1907-03-23,1992-04-08,Switzerland,Neuchâtel,male,1957,medicine,Istituto Superiore di Sanità (Chief Institute of Public Health),Rome,Italy,
361,George,Beadle,1903-10-22,1989-06-09,USA,Wahoo NE,male,1958,medicine,California Institute of Technology (Caltech),Pasadena CA,USA,
362,Edward,Tatum,1909-12-14,1975-11-05,USA,Boulder CO,male,1958,medicine,Rockefeller Institute for Medical Research,New York NY,USA,
363,Joshua,Lederberg,1925-05-23,2008-02-02,USA,Montclair NJ,male,1958,medicine,University of Wisconsin,Madison WI,USA,
364,Severo,Ochoa,1905-09-24,1993-11-01,Spain,Luarca,male,1959,medicine,New York University College of Medicine,New York NY,USA,
365,Arthur,Kornberg,1918-03-03,2007-10-26,USA,Brooklyn NY,male,1959,medicine,Stanford University,Stanford CA,USA,
366,Sir Frank Macfarlane,Burnet,1899-09-03,1985-08-31,Australia,Traralgon,male,1960,medicine,Walter and Eliza Hall Institute for Medical Research,Melbourne,Australia,
367,Peter,Medawar,1915-02-28,1987-10-02,Brazil,Rio de Janeiro,male,1960,medicine,University College,London,United Kingdom,
368,Georg,von Békésy,1899-06-03,1972-06-13,Hungary,Budapest,male,1961,medicine,Harvard University,Cambridge MA,USA,
369,Francis,Crick,1916-06-08,2004-07-28,United Kingdom,Northampton,male,1962,medicine,MRC Laboratory of Molecular Biology,Cambridge,United Kingdom,
370,James,Watson,1928-04-06,0000-00-00,USA,Chicago IL,male,1962,medicine,Harvard University,Cambridge MA,USA,
371,Maurice,Wilkins,1916-12-15,2004-10-05,New Zealand,Pongaroa,male,1962,medicine,London University,London,United Kingdom,
372,Sir John,Eccles,1903-01-27,1997-05-02,Australia,Melbourne,male,1963,medicine,Australian National University,Canberra,Australia,
373,Alan,Hodgkin,1914-02-05,1998-12-20,United Kingdom,Banbury,male,1963,medicine,University of Cambridge,Cambridge,United Kingdom,
374,Andrew,Huxley,1917-11-22,2012-05-30,United Kingdom,Hampstead,male,1963,medicine,University College,London,United Kingdom,
375,Konrad,Bloch,1912-01-21,2000-10-15,Poland,Nysa,male,1964,medicine,Harvard University,Cambridge MA,USA,
376,Feodor,Lynen,1911-04-06,1979-08-06,Germany,Munich,male,1964,medicine,Max-Planck-Institut für Zellchemie,Munich,Germany,
377,François,Jacob,1920-06-17,2013-04-19,France,Nancy,male,1965,medicine,Institut Pasteur,Paris,France,
378,André,Lwoff,1902-05-08,1994-09-30,France,Ainay-le-Château,male,1965,medicine,Institut Pasteur,Paris,France,
379,Jacques,Monod,1910-02-09,1976-05-31,France,Paris,male,1965,medicine,Institut Pasteur,Paris,France,
380,Peyton,Rous,1879-10-05,1970-02-16,USA,Baltimore MD,male,1966,medicine,Rockefeller University,New York NY,USA,
381,Charles B.,Huggins,1901-09-22,1997-01-12,Canada,Halifax Nova Scotia,male,1966,medicine,University of Chicago Ben May Laboratory for Cancer Research,Chicago IL,USA,
382,Ragnar,Granit,1900-10-30,1991-03-12,Finland,Helsinki,male,1967,medicine,Karolinska Institutet,Stockholm,Sweden,
383,Keffer,Hartline,1903-12-22,1983-03-17,USA,Bloomsburg PA,male,1967,medicine,Rockefeller University,New York NY,USA,
384,George,Wald,1906-11-18,1997-04-12,USA,New York NY,male,1967,medicine,Harvard University,Cambridge MA,USA,
385,Robert W.,Holley,1922-01-28,1993-02-11,USA,Urbana IL,male,1968,medicine,Cornell University,Ithaca NY,USA,
386,H. Gobind,Khorana,1922-01-09,2011-11-09,India,Raipur,male,1968,medicine,University of Wisconsin,Madison WI,USA,Asian
387,Marshall W.,Nirenberg,1927-04-10,2010-01-15,USA,New York NY,male,1968,medicine,National Institutes of Health,Bethesda MD,USA,
388,Max,Delbrück,1906-09-04,1981-03-09,Germany,Berlin,male,1969,medicine,California Institute of Technology (Caltech),Pasadena CA,USA,
389,Alfred D.,Hershey,1908-12-04,1997-05-22,USA,Owosso MI,male,1969,medicine,Carnegie Institution of Washington,Long Island New York NY,USA,
390,Salvador E.,Luria,1912-08-13,1991-02-06,Italy,Turin,male,1969,medicine,Massachusetts Institute of Technology (MIT),Cambridge MA,USA,
391,Sir Bernard,Katz,1911-03-26,2003-04-20,Germany,Leipzig,male,1970,medicine,University College,London,United Kingdom,
392,Ulf,von Euler,1905-02-07,1983-03-09,Sweden,Stockholm,male,1970,medicine,Karolinska Institutet,Stockholm,Sweden,
393,Julius,Axelrod,1912-05-30,2004-12-29,USA,New York NY,male,1970,medicine,National Institutes of Health,Bethesda MD,USA,
394,Earl W.,Sutherland Jr.,1915-11-19,1974-03-09,USA,Burlingame KS,male,1971,medicine,Vanderbilt University,Nashville TN,USA,
395,Gerald M.,Edelman,1929-07-01,2014-05-17,USA,New York NY,male,1972,medicine,Rockefeller University,New York NY,USA,
396,Rodney R.,Porter,1917-10-08,1985-09-06,United Kingdom,Newton-le-Willows,male,1972,medicine,University of Oxford,Oxford,United Kingdom,
397,Karl,von Frisch,1886-11-20,1982-06-12,Austria,Vienna,male,1973,medicine,Zoologisches Institut der Universität München,Munich,Germany,
398,Konrad,Lorenz,1903-11-07,1989-02-27,Austria,Vienna,male,1973,medicine,Konrad-Lorenz-Institut der Österreichischen Akademie der Wissen­schaften Forschungsstelle für Ethologie,Altenberg; Grünau im Almtal,Austria,
399,Nikolaas,Tinbergen,1907-04-15,1988-12-21,the Netherlands,the Hague,male,1973,medicine,University of Oxford,Oxford,United Kingdom,
400,Albert,Claude,1898-08-24,1983-05-22,Belgium,Longlier,male,1974,medicine,Université Catholique de Louvain,Louvain,Belgium,
401,Christian,de Duve,1917-10-02,2013-05-04,United Kingdom,Thames Ditton,male,1974,medicine,Rockefeller University,New York NY,USA,
402,George E.,Palade,1912-11-19,2008-10-07,Romania,Iasi,male,1974,medicine,Yale University School of Medicine,New Haven CT,USA,
403,David,Baltimore,1938-03-07,0000-00-00,USA,New York NY,male,1975,medicine,Massachusetts Institute of Technology (MIT),Cambridge MA,USA,
404,Renato,Dulbecco,1914-02-22,2012-02-19,Italy,Catanzaro,male,1975,medicine,Imperial Cancer Research Fund Laboratory,London,United Kingdom,
405,Howard M.,Temin,1934-12-10,1994-02-09,USA,Philadelphia PA,male,1975,medicine,University of Wisconsin,Madison WI,USA,
406,Baruch S.,Blumberg,1925-07-28,2011-04-05,USA,New York NY,male,1976,medicine,The Institute for Cancer Research,Philadelphia PA,USA,
407,D. Carleton,Gajdusek,1923-09-09,2008-12-12,USA,Yonkers NY,male,1976,medicine,National Institutes of Health,Bethesda MD,USA,
408,Roger,Guillemin,1924-01-11,0000-00-00,France,Dijon,male,1977,medicine,The Salk Institute,San Diego CA,USA,
409,Andrew V.,Schally,1926-11-30,0000-00-00,Lithuania,Vilnius,male,1977,medicine,Veterans Administration Hospital,New Orleans LA,USA,
410,Rosalyn,Yalow,1921-07-19,2011-05-30,USA,New York NY,female,1977,medicine,Veterans Administration Hospital,Bronx NY,USA,
411,Werner,Arber,1929-06-03,0000-00-00,Switzerland,Gränichen,male,1978,medicine,Biozentrum der Universität,Basel,Switzerland,
412,Daniel,Nathans,1928-10-30,1999-11-16,USA,Wilmington DE,male,1978,medicine,Johns Hopkins University School of Medicine,Baltimore MD,USA,
413,Hamilton O.,Smith,1931-08-23,0000-00-00,USA,New York NY,male,1978,medicine,Johns Hopkins University School of Medicine,Baltimore MD,USA,
414,Allan M.,Cormack,1924-02-23,1998-05-07,South Africa,Johannesburg,male,1979,medicine,Tufts University,Medford MA,USA,African
415,Godfrey N.,Hounsfield,1919-08-28,2004-08-12,United Kingdom,Newark,male,1979,medicine,Central Research Laboratories EMI,London,United Kingdom,
416,Baruj,Benacerraf,1920-10-29,2011-08-02,Venezuela,Caracas,male,1980,medicine,Harvard Medical School,Boston MA,USA,Latin American
417,Jean,Dausset,1916-10-19,2009-06-06,France,Toulouse,male,1980,medicine,Université de Paris Laboratoire Immuno-Hématologie,Paris,France,
418,George D.,Snell,1903-12-19,1996-06-06,USA,Bradford MA,male,1980,medicine,Jackson Laboratory,Bar Harbor ME,USA,
419,Roger W.,Sperry,1913-08-20,1994-04-17,USA,Hartford CT,male,1981,medicine,California Institute of Technology (Caltech),Pasadena CA,USA,
420,David H.,Hubel,1926-02-27,2013-09-22,Canada,Windsor ON,male,1981,medicine,Harvard Medical School,Boston MA,USA,
421,Torsten N.,Wiesel,1924-06-03,0000-00-00,Sweden,Uppsala,male,1981,medicine,Harvard Medical School,Boston MA,USA,
422,Sune K.,Bergström,1916-01-10,2004-08-15,Sweden,Stockholm,male,1982,medicine,Karolinska Institutet,Stockholm,Sweden,
423,Bengt I.,Samuelsson,1934-05-21,0000-00-00,Sweden,Halmstad,male,1982,medicine,Karolinska Institutet,Stockholm,Sweden,
424,John R.,Vane,1927-03-29,2004-11-19,United Kingdom,Tardebigg,male,1982,medicine,The Wellcome Research Laboratories,Beckenham,United Kingdom,
425,Barbara,McClintock,1902-06-16,1992-09-02,USA,Hartford CT,female,1983,medicine,Cold Spring Harbor Laboratory,Cold Spring Harbor NY,USA,
426,Niels K.,Jerne,1911-12-23,1994-10-07,United Kingdom,London,male,1984,medicine,Basel Institute for Immunology,Basel,Switzerland,
427,Georges J.F.,Köhler,1946-04-17,1995-03-01,Germany,Munich,male,1984,medicine,Basel Institute for Immunology,Basel,Switzerland,
428,César,Milstein,1927-10-08,2002-03-24,Argentina,Bahia Blanca,male,1984,medicine,MRC Laboratory of Molecular Biology,Cambridge,United Kingdom,Latin American
429,Michael S.,Brown,1941-04-13,0000-00-00,USA,New York NY,male,1985,medicine,University of Texas Southwestern Medical Center at Dallas,Dallas TX,USA,
430,Joseph L.,Goldstein,1940-04-18,0000-00-00,USA,Sumter SC,male,1985,medicine,University of Texas Southwestern Medical Center at Dallas,Dallas TX,USA,
431,Stanley,Cohen,1922-11-17,2020-02-05,USA,Brooklyn NY,male,1986,medicine,Vanderbilt University School of Medicine,Nashville TN,USA,
432,Rita,Levi-Montalcini,1909-04-22,2012-12-30,Italy,Turin,female,1986,medicine,Institute of Cell Biology of the C.N.R.,Rome,Italy,
433,Susumu,Tonegawa,1939-09-05,0000-00-00,Japan,Nagoya,male,1987,medicine,Massachusetts Institute of Technology (MIT),Cambridge MA,USA,Asian
434,Sir James W.,Black,1924-06-14,2010-03-21,Scotland,Uddingston,male,1988,medicine,London University King's College Hospital Medical School,London,United Kingdom,
435,Gertrude B.,Elion,1918-01-23,1999-02-21,USA,New York NY,female,1988,medicine,Wellcome Research Laboratories,Research Triangle Park NC,USA,
436,George H.,Hitchings,1905-04-18,1998-02-27,USA,Hoquiam WA,male,1988,medicine,Wellcome Research Laboratories,Research Triangle Park NC,USA,
437,J. Michael,Bishop,1936-02-22,0000-00-00,USA,York PA,male,1989,medicine,University of California School of Medicine,San Francisco CA,USA,
438,Harold E.,Varmus,1939-12-18,0000-00-00,USA,Oceanside NY,male,1989,medicine,University of California School of Medicine,San Francisco CA,USA,
439,Joseph E.,Murray,1919-04-01,2012-11-26,USA,Milford MA,male,1990,medicine,Brigham and Women's Hospital,Boston MA,USA,
440,E. Donnall,Thomas,1920-03-15,2012-10-20,USA,Mart TX,male,1990,medicine,Fred Hutchinson Cancer Research Center,Seattle WA,USA,
441,Erwin,Neher,1944-03-20,0000-00-00,Germany,Landsberg,male,1991,medicine,Max-Planck-Institut für Biophysikalische Chemie,Göttingen,Germany,
442,Bert,Sakmann,1942-06-12,0000-00-00,Germany,Stuttgart,male,1991,medicine,Max-Planck-Institut für medizinische Forschung,Heidelberg,Germany,
443,Edmond H.,Fischer,1920-04-06,2021-08-27,China,Shanghai,male,1992,medicine,University of Washington,Seattle WA,USA,
444,Edwin G.,Krebs,1918-06-06,2009-12-21,USA,Lansing IA,male,1992,medicine,University of Washington,Seattle WA,USA,
445,Richard J.,Roberts,1943-09-06,0000-00-00,United Kingdom,Derby,male,1993,medicine,New England Biolabs,Beverly MA,USA,
446,Phillip A.,Sharp,1944-06-06,0000-00-00,USA,Falmouth KY,male,1993,medicine,Massachusetts Institute of Technology (MIT) Center for Cancer Research,Cambridge MA,USA,
447,Alfred G.,Gilman,1941-07-01,2015-12-23,USA,New Haven CT,male,1994,medicine,University of Texas Southwestern Medical Center at Dallas,Dallas TX,USA,
448,Martin,Rodbell,1925-12-01,1998-12-07,USA,Baltimore MD,male,1994,medicine,National Institute of Environmental Health Sciences,Research Triangle Park NC,USA,
449,Edward B.,Lewis,1918-05-20,2004-07-21,USA,Wilkes-Barre PA,male,1995,medicine,California Institute of Technology (Caltech),Pasadena CA,USA,
450,Christiane,Nüsslein-Volhard,1942-10-20,0000-00-00,Germany,Magdeburg,female,1995,medicine,Max-Planck-Institut für Entwicklungsbiologie,Tübingen,Germany,
451,Eric F.,Wieschaus,1947-06-08,0000-00-00,USA,South Bend IN,male,1995,medicine,Princeton University,Princeton NJ,USA,
452,Peter C.,Doherty,1940-10-15,0000-00-00,Australia,Brisbane,male,1996,medicine,St. Jude Children's Research Hospital,Memphis TN,USA,
453,Rolf M.,Zinkernagel,1944-01-06,0000-00-00,Switzerland,Basel,male,1996,medicine,University of Zurich Institute of Experimental Immunology,Zurich,Switzerland,
454,Stanley B.,Prusiner,1942-05-28,0000-00-00,USA,Des Moines IA,male,1997,medicine,University of California School of Medicine,San Francisco CA,USA,
455,Robert F.,Furchgott,1916-06-04,2009-05-19,USA,Charleston SC,male,1998,medicine,SUNY Health Science Center,Brooklyn NY,USA,
456,Louis J.,Ignarro,1941-05-31,0000-00-00,USA,Brooklyn NY,male,1998,medicine,University of California School of Medicine,Los Angeles CA,USA,
457,Ferid,Murad,1936-09-14,2023-09-04,USA,Whiting IN,male,1998,medicine,University of Texas Medical School at Houston,Houston TX,USA,
458,Günter,Blobel,1936-05-21,2018-02-18,Poland,Niegoslawice,male,1999,medicine,Rockefeller University,New York NY,USA,
459,Ragnar,Frisch,1895-03-03,1973-01-31,Norway,Oslo,male,1969,economics,University of Oslo,Oslo,Norway,
460,Jan,Tinbergen,1903-04-12,1994-06-09,the Netherlands,the Hague,male,1969,economics,The Netherlands School of Economics,Rotterdam,the Netherlands,
461,Paul A.,Samuelson,1915-05-15,2009-12-13,USA,Gary IN,male,1970,economics,Massachusetts Institute of Technology (MIT),Cambridge MA,USA,
462,Simon,Kuznets,1901-04-30,1985-07-08,Belarus,Pinsk,male,1971,economics,Harvard University,Cambridge MA,USA,
463,John R.,Hicks,1904-04-08,1989-05-20,United Kingdom,Warwick,male,1972,economics,All Souls College,Oxford,United Kingdom,
464,Kenneth J.,Arrow,1921-08-23,2017-02-21,USA,New York NY,male,1972,economics,Harvard University,Cambridge MA,USA,
465,Wassily,Leontief,1906-08-05,1999-02-05,Russia,St. Petersburg,male,1973,economics,Harvard University,Cambridge MA,USA,
466,Gunnar,Myrdal,1898-12-06,1987-05-17,Sweden,Skattungbyn,male,1974,economics,,,,
467,Friedrich,von Hayek,1899-05-08,1992-03-23,Austria,Vienna,male,1974,economics,,,,
468,Leonid Vitaliyevich,Kantorovich,1912-01-19,1986-04-07,Russia,St. Petersburg,male,1975,economics,Academy of Sciences,Moscow,USSR (now Russia),
469,Tjalling C.,Koopmans,1910-08-28,1985-02-26,the Netherlands,'s Graveland,male,1975,economics,Yale University,New Haven CT,USA,
470,Milton,Friedman,1912-07-31,2006-11-16,USA,Brooklyn NY,male,1976,economics,University of Chicago,Chicago IL,USA,
471,Bertil,Ohlin,1899-04-23,1979-08-03,Sweden,Klippan,male,1977,economics,Stockholm School of Economics,Stockholm,Sweden,
472,James E.,Meade,1907-06-23,1995-12-22,United Kingdom,Swanage,male,1977,economics,University of Cambridge,Cambridge,United Kingdom,
473,Herbert,Simon,1916-06-15,2001-02-09,USA,Milwaukee WI,male,1978,economics,Carnegie Mellon University,Pittsburgh PA,USA,
474,Theodore W.,Schultz,1902-04-30,1998-02-26,USA,Arlington SD,male,1979,economics,University of Chicago,Chicago IL,USA,
475,Sir Arthur,Lewis,1915-01-23,1991-06-15,Saint Lucia,Castries,male,1979,economics,Princeton University,Princeton NJ,USA,Black
476,Lawrence R.,Klein,1920-09-14,2013-10-20,USA,Omaha NE,male,1980,economics,University of Pennsylvania,Philadelphia PA,USA,
477,James,Tobin,1918-03-05,2002-03-11,USA,Champaign IL,male,1981,economics,Yale University,New Haven CT,USA,
478,George J.,Stigler,1911-01-17,1991-12-01,USA,Renton WA,male,1982,economics,University of Chicago,Chicago IL,USA,
479,Gerard,Debreu,1921-07-04,2004-12-31,France,Calais,male,1983,economics,University of California,Berkeley CA,USA,
480,Richard,Stone,1913-08-30,1991-12-06,United Kingdom,London,male,1984,economics,University of Cambridge,Cambridge,United Kingdom,
481,Franco,Modigliani,1918-06-18,2003-09-25,Italy,Rome,male,1985,economics,Massachusetts Institute of Technology (MIT),Cambridge MA,USA,
482,James M.,Buchanan Jr.,1919-10-03,2013-01-09,USA,Murfreesboro TN,male,1986,economics,Center for Study of Public Choice,Fairfax VA,USA,
483,Robert M.,Solow,1924-08-23,2023-12-21,USA,Brooklyn NY,male,1987,economics,Massachusetts Institute of Technology (MIT),Cambridge MA,USA,
484,Maurice,Allais,1911-05-31,2010-10-09,France,Paris,male,1988,economics,École Nationale Supérieur des Mines de Paris,Paris,France,
485,Trygve,Haavelmo,1911-12-13,1999-07-26,Norway,Skedsmo,male,1989,economics,University of Oslo,Oslo,Norway,
486,Harry M.,Markowitz,1927-08-24,2023-06-22,USA,Chicago IL,male,1990,economics,City University of New York,New York NY,USA,
487,Merton H.,Miller,1923-05-16,2000-06-03,USA,Boston MA,male,1990,economics,University of Chicago,Chicago IL,USA,
488,William F.,Sharpe,1934-06-16,0000-00-00,USA,Boston MA,male,1990,economics,Stanford University,Stanford CA,USA,
489,Ronald H.,Coase,1910-12-29,2013-09-02,United Kingdom,Willesden,male,1991,economics,University of Chicago,Chicago IL,USA,
490,Gary,Becker,1930-12-02,2014-05-03,USA,Pottsville PA,male,1992,economics,University of Chicago,Chicago IL,USA,
491,Robert W.,Fogel,1927-07-01,2013-06-11,USA,New York NY,male,1993,economics,University of Chicago,Chicago IL,USA,
492,Douglass C.,North,1920-11-05,2015-11-23,USA,Cambridge MA,male,1993,economics,Washington University,St. Louis MO,USA,
493,John C.,Harsanyi,1920-05-29,2000-08-09,Hungary,Budapest,male,1994,economics,University of California,Berkeley CA,USA,
494,John F.,Nash Jr.,1928-06-13,2015-05-23,USA,Bluefield WV,male,1994,economics,Princeton University,Princeton NJ,USA,
495,Reinhard,Selten,1930-10-05,2016-08-23,Poland,Wroclaw,male,1994,economics,Rheinische Friedrich-Wilhelms-Universität,Bonn,Germany,
496,Robert E.,Lucas Jr.,1937-09-15,2023-05-15,USA,Yakima WA,male,1995,economics,University of Chicago,Chicago IL,USA,
497,James A.,Mirrlees,1936-07-05,2018-08-29,Scotland,Minnigaff,male,1996,economics,University of Cambridge,Cambridge,United Kingdom,
498,William,Vickrey,1914-06-21,1996-10-11,Canada,Victoria BC,male,1996,economics,Columbia University,New York NY,USA,
499,Robert C.,Merton,1944-07-31,0000-00-00,USA,New York NY,male,1997,economics,Harvard University,Cambridge MA,USA,
500,Myron,Scholes,1941-07-01,0000-00-00,Canada,Timmins ON,male,1997,economics,Long Term Capital Management,Greenwich CT,USA,
501,Amartya,Sen,1933-11-03,0000-00-00,India,Santiniketan,male,1998,economics,Trinity College,Cambridge,United Kingdom,Asian
502,Robert,Mundell,1932-10-24,2021-04-04,Canada,Kingston ON,male,1999,economics,Columbia University,New York NY,USA,
503,Il´ja M.,Frank,1908-10-23,1990-06-22,Russia,St. Petersburg,male,1958,physics,Lomonosov Moscow State University,Moscow,USSR (now Russia),
504,Arvid,Carlsson,1923-01-25,2018-06-29,Sweden,Uppsala,male,2000,medicine,Göteborg University,Gothenburg,Sweden,
505,Paul,Greengard,1925-12-11,2019-04-13,USA,New York NY,male,2000,medicine,Rockefeller University,New York NY,USA,
506,Eric,Kandel,1929-11-07,0000-00-00,Austria,Vienna,male,2000,medicine,Columbia University,New York NY,USA,
507,Zhores,Alferov,1930-03-15,2019-03-01,Belarus,Vitebsk Belorussia,male,2000,physics,A.F. Ioffe Physico-Technical Institute,St. Petersburg,Russia,
508,Herbert,Kroemer,1928-08-25,0000-00-00,Germany,Weimar,male,2000,physics,University of California,Santa Barbara CA,USA,
509,Jack,Kilby,1923-11-08,2005-06-20,USA,Jefferson City MO,male,2000,physics,Texas Instruments,Dallas TX,USA,
510,Alan,Heeger,1936-01-22,0000-00-00,USA,Sioux City IA,male,2000,chemistry,University of California,Santa Barbara CA,USA,
511,Alan,MacDiarmid,1927-04-14,2007-02-07,New Zealand,Masterton,male,2000,chemistry,University of Pennsylvania,Philadelphia PA,USA,
512,Hideki,Shirakawa,1936-08-20,0000-00-00,Japan,Tokyo,male,2000,chemistry,University of Tsukuba,Tsukuba,Japan,Asian
513,James J.,Heckman,1944-04-19,0000-00-00,USA,Chicago IL,male,2000,economics,University of Chicago,Chicago IL,USA,
514,Daniel L.,McFadden,1937-07-29,0000-00-00,USA,Raleigh NC,male,2000,economics,University of California,Berkeley CA,USA,
515,Leland,Hartwell,1939-10-30,0000-00-00,USA,Los Angeles CA,male,2001,medicine,Fred Hutchinson Cancer Research Center,Seattle WA,USA,
516,Tim,Hunt,1943-02-19,0000-00-00,United Kingdom,Neston,male,2001,medicine,Imperial Cancer Research Fund,London,United Kingdom,
517,Sir Paul,Nurse,1949-01-25,0000-00-00,United Kingdom,Norwich,male,2001,medicine,Imperial Cancer Research Fund,London,United Kingdom,
518,Eric,Cornell,1961-12-19,0000-00-00,USA,Palo Alto CA,male,2001,physics,University of Colorado JILA,Boulder CO,USA,
519,Wolfgang,Ketterle,1957-10-21,0000-00-00,Germany,Heidelberg,male,2001,physics,Massachusetts Institute of Technology (MIT),Cambridge MA,USA,
520,Carl,Wieman,1951-03-26,0000-00-00,USA,Corvallis OR,male,2001,physics,University of Colorado JILA,Boulder CO,USA,
521,William,Knowles,1917-06-01,2012-06-13,USA,Taunton MA,male,2001,chemistry,,,,
522,Ryoji,Noyori,1938-09-03,0000-00-00,Japan,Kobe,male,2001,chemistry,Nagoya University,Nagoya,Japan,Asian
523,Barry,Sharpless,1941-04-28,0000-00-00,USA,Philadelphia PA,male,2001,chemistry,The Scripps Research Institute,La Jolla CA,USA,
524,Barry,Sharpless,1941-04-28,0000-00-00,USA,Philadelphia PA,male,2022,chemistry,Scripps Research,La Jolla CA,USA,
525,George A.,Akerlof,1940-06-17,0000-00-00,USA,New Haven CT,male,2001,economics,University of California,Berkeley CA,USA,
526,A. Michael,Spence,1943-00-00,0000-00-00,USA,Montclair NJ,male,2001,economics,Stanford University,Stanford CA,USA,
527,Joseph E.,Stiglitz,1943-02-09,0000-00-00,USA,Gary IN,male,2001,economics,Columbia University,New York NY,USA,
528,Sydney,Brenner,1927-01-13,2019-04-05,South Africa,Germiston,male,2002,medicine,The Molecular Sciences Institute,Berkeley CA,USA,African
529,H. Robert,Horvitz,1947-05-08,0000-00-00,USA,Chicago IL,male,2002,medicine,Massachusetts Institute of Technology (MIT),Cambridge MA,USA,
530,John E.,Sulston,1942-03-27,2018-03-06,United Kingdom,Cambridge,male,2002,medicine,The Wellcome Trust Sanger Institute,Cambridge,United Kingdom,
531,Raymond,Davis Jr.,1914-10-14,2006-05-31,USA,Washington D.C.,male,2002,physics,University of Pennsylvania,Philadelphia PA,USA,
532,Masatoshi,Koshiba,1926-09-19,2020-11-12,Japan,Toyohashi,male,2002,physics,University of Tokyo,Tokyo,Japan,Asian
533,Riccardo,Giacconi,1931-10-06,2018-12-16,Italy,Genoa,male,2002,physics,Associated Universities Inc.,Washington D.C.,USA,
534,John B.,Fenn,1917-06-15,2010-12-10,USA,New York NY,male,2002,chemistry,Virginia Commonwealth University,Richmond VA,USA,
535,Koichi,Tanaka,1959-08-03,0000-00-00,Japan,Toyama City,male,2002,chemistry,Shimadzu Corp.,Kyoto,Japan,Asian
536,Kurt,Wüthrich,1938-10-04,0000-00-00,Switzerland,Aarberg,male,2002,chemistry,Eidgenössische Technische Hochschule (Swiss Federal Institute of Technology),Zurich,Switzerland,
537,Daniel,Kahneman,1934-03-05,0000-00-00,Israel,Tel Aviv,male,2002,economics,Princeton University,Princeton NJ,USA,Asian
538,Vernon L.,Smith,1927-01-01,0000-00-00,USA,Wichita KS,male,2002,economics,George Mason University,Fairfax VA,USA,
539,Paul C.,Lauterbur,1929-05-06,2007-03-27,USA,Sidney OH,male,2003,medicine,University of Illinois,Urbana IL,USA,
540,Sir Peter,Mansfield,1933-10-09,2017-02-08,United Kingdom,London,male,2003,medicine,University of Nottingham School of Physics and Astronomy,Nottingham,United Kingdom,
541,Alexei,Abrikosov,1928-06-25,2017-03-29,Russia,Moscow,male,2003,physics,Argonne National Laboratory,Argonne IL,USA,
542,Vitaly L.,Ginzburg,1916-10-04,2009-11-08,Russia,Moscow,male,2003,physics,P.N. Lebedev Physical Institute,Moscow,Russia,
543,Anthony J.,Leggett,1938-03-26,0000-00-00,United Kingdom,London,male,2003,physics,University of Illinois,Urbana IL,USA,
544,Peter,Agre,1949-01-30,0000-00-00,USA,Northfield MN,male,2003,chemistry,Johns Hopkins University School of Medicine,Baltimore MD,USA,
545,Roderick,MacKinnon,1956-02-19,0000-00-00,USA,Burlington MA,male,2003,chemistry,Rockefeller University,New York NY,USA,
546,Robert F.,Engle III,1942-11-10,0000-00-00,USA,Syracuse NY,male,2003,economics,New York University,New York NY,USA,
547,Clive W.J.,Granger,1934-09-04,2009-05-27,United Kingdom,Swansea,male,2003,economics,University of California,San Diego CA,USA,
548,Richard,Axel,1946-07-02,0000-00-00,USA,New York NY,male,2004,medicine,Columbia University,New York NY,USA,
549,Linda B.,Buck,1947-01-29,0000-00-00,USA,Seattle WA,female,2004,medicine,Fred Hutchinson Cancer Research Center,Seattle WA,USA,
550,David J.,Gross,1941-02-19,0000-00-00,USA,Washington D.C.,male,2004,physics,University of California Kavli Institute for Theoretical Physics,Santa Barbara CA,USA,
551,H. David,Politzer,1949-08-31,0000-00-00,USA,New York NY,male,2004,physics,California Institute of Technology (Caltech),Pasadena CA,USA,
552,Frank,Wilczek,1951-05-15,0000-00-00,USA,New York NY,male,2004,physics,Massachusetts Institute of Technology (MIT),Cambridge MA,USA,
553,Aaron,Ciechanover,1947-10-01,0000-00-00,Israel,Haifa,male,2004,chemistry,Technion - Israel Institute of Technology,Haifa,Israel,Asian
554,Avram,Hershko,1937-12-31,0000-00-00,Hungary,Karcag,male,2004,chemistry,Technion - Israel Institute of Technology,Haifa,Israel,Asian
555,Irwin,Rose,1926-07-16,2015-06-03,USA,Brooklyn NY,male,2004,chemistry,University of California,Irvine CA,USA,
556,Finn E.,Kydland,1943-12-01,0000-00-00,Norway,Gjesdal,male,2004,economics,Carnegie Mellon University,Pittsburgh PA,USA,
557,Edward C.,Prescott,1940-12-26,2022-11-06,USA,Glens Falls NY,male,2004,economics,Arizona State University,Tempe AZ,USA,
558,Barry J.,Marshall,1951-09-30,0000-00-00,Australia,Kalgoorlie,male,2005,medicine,NHMRC Helicobacter pylori Research Laboratory QEII Medical Centre,Nedlands,Australia,
559,J. Robin,Warren,1937-06-11,0000-00-00,Australia,Adelaide,male,2005,medicine,,,,
560,Roy J.,Glauber,1925-09-01,2018-12-26,USA,New York NY,male,2005,physics,Harvard University,Cambridge MA,USA,
561,John L.,Hall,1934-08-21,0000-00-00,USA,Denver CO,male,2005,physics,University of Colorado JILA,Boulder CO,USA,
562,Theodor W.,Hänsch,1941-10-30,0000-00-00,Germany,Heidelberg,male,2005,physics,Max Planck Institute of Quantum Optics,Garching,Germany,
563,Yves,Chauvin,1930-10-10,2015-01-27,Belgium,Menin,male,2005,chemistry,Institut Français du Pétrole,Rueil-Malmaison,France,
564,Robert H.,Grubbs,1942-02-27,2021-12-19,USA,Possum Trot KY,male,2005,chemistry,California Institute of Technology (Caltech),Pasadena CA,USA,
565,Richard R.,Schrock,1945-01-04,0000-00-00,USA,Berne IN,male,2005,chemistry,Massachusetts Institute of Technology (MIT),Cambridge MA,USA,
566,Robert J.,Aumann,1930-06-08,0000-00-00,Germany,Frankfurt-on-the-Main,male,2005,economics,University of Jerusalem Center for RationalityHebrew,Jerusalem,Israel,Asian
567,Thomas C.,Schelling,1921-04-14,2016-12-13,USA,Oakland CA,male,2005,economics,University of Maryland Department of Economics and School of Public Policy,College Park MD,USA,
568,Andrew Z.,Fire,1959-04-27,0000-00-00,USA,Stanford CA,male,2006,medicine,Stanford University School of Medicine,Stanford CA,USA,
569,Craig C.,Mello,1960-10-18,0000-00-00,USA,New Haven CT,male,2006,medicine,University of Massachusetts Medical School,Worcester MA,USA,
570,John C.,Mather,1946-08-07,0000-00-00,USA,Roanoke VA,male,2006,physics,NASA Goddard Space Flight Center,Greenbelt MD,USA,
571,George F.,Smoot,1945-02-20,0000-00-00,USA,Yukon FL,male,2006,physics,University of California,Berkeley CA,USA,
572,Roger D.,Kornberg,1947-04-24,0000-00-00,USA,St. Louis MO,male,2006,chemistry,Stanford University,Stanford CA,USA,
573,Edmund S.,Phelps,1933-07-26,0000-00-00,USA,Evanston IL,male,2006,economics,Columbia University,New York NY,USA,
574,Mario R.,Capecchi,1937-10-06,0000-00-00,Italy,Verona,male,2007,medicine,University of Utah,Salt Lake City UT,USA,
575,Sir Martin J.,Evans,1941-01-01,0000-00-00,United Kingdom,Stroud,male,2007,medicine,Cardiff University,Cardiff,United Kingdom,
576,Oliver,Smithies,1925-06-23,2017-01-10,United Kingdom,Halifax,male,2007,medicine,University of North Carolina,Chapel Hill NC,USA,
577,Albert,Fert,1938-03-07,0000-00-00,France,Carcassonne,male,2007,physics,Universit&eacute; Paris-Sud,Orsay,France,
578,Peter,Grünberg,1939-05-18,2018-04-09,Czech Republic,Plzen,male,2007,physics,Forschungszentrum J&uuml;lich,Jülich,Germany,
579,Gerhard,Ertl,1936-10-10,0000-00-00,Germany,Bad Cannstatt,male,2007,chemistry,Fritz-Haber-Institut der Max-Planck-Gesellschaft,Berlin,Germany,
580,Leonid,Hurwicz,1917-08-21,2008-06-24,Russia,Moscow,male,2007,economics,University of Minnesota,Minneapolis MN,USA,
581,Eric S.,Maskin,1950-12-12,0000-00-00,USA,New York NY,male,2007,economics,Institute for Advanced Study,Princeton NJ,USA,
582,Roger B.,Myerson,1951-03-29,0000-00-00,USA,Boston MA,male,2007,economics,University of Chicago,Chicago IL,USA,
583,Harald,zur Hausen,1936-03-11,2023-05-28,Germany,Gelsenkirchen,male,2008,medicine,German Cancer Research Center,Heidelberg,Germany,
584,Françoise,Barré-Sinoussi,1947-07-30,0000-00-00,France,Paris,female,2008,medicine,Regulation of Retroviral Infections Unit Virology Department Institut Pasteur,Paris,France,
585,Luc,Montagnier,1932-08-18,2022-02-08,France,Chabris,male,2008,medicine,World Foundation for AIDS Research and Prevention,Paris,France,
586,Yoichiro,Nambu,1921-01-18,2015-07-05,Japan,Tokyo,male,2008,physics,Enrico Fermi Institute University of Chicago,Chicago IL,USA,Asian
587,Makoto,Kobayashi,1944-04-07,0000-00-00,Japan,Nagoya,male,2008,physics,High Energy Accelerator Research Organization (KEK),Tsukuba,Japan,Asian
588,Toshihide,Maskawa,1940-02-07,2021-07-23,Japan,Nagoya,male,2008,physics,Kyoto Sangyo University,Kyoto,Japan,Asian
589,Osamu,Shimomura,1928-08-27,2018-10-19,Japan,Kyoto,male,2008,chemistry,Marine Biological Laboratory (MBL),Woods Hole MA,USA,Asian
590,Martin,Chalfie,1947-01-15,0000-00-00,USA,Chicago IL,male,2008,chemistry,Columbia University,New York NY,USA,
591,Roger Y.,Tsien,1952-02-01,2016-08-24,USA,New York NY,male,2008,chemistry,University of California,San Diego CA,USA,Asian
592,Paul,Krugman,1953-02-28,0000-00-00,USA,New York NY,male,2008,economics,Princeton University,Princeton NJ,USA,
593,Elizabeth H.,Blackburn,1948-11-26,0000-00-00,Australia,Hobart Tasmania,female,2009,medicine,University of California,San Francisco CA,USA,
594,Carol W.,Greider,1961-04-15,0000-00-00,USA,San Diego CA,female,2009,medicine,Johns Hopkins University School of Medicine,Baltimore MD,USA,
595,Jack W.,Szostak,1952-11-09,0000-00-00,United Kingdom,London,male,2009,medicine,Harvard Medical School,Boston MA,USA,
596,Charles K.,Kao,1933-11-04,2018-09-23,China,Shanghai,male,2009,physics,Standard Telecommunication Laboratories,Harlow,United Kingdom,Asian
597,Willard S.,Boyle,1924-08-19,2011-05-07,Canada,Amherst NS,male,2009,physics,Bell Laboratories,Murray Hill NJ,USA,
598,George E.,Smith,1930-05-10,0000-00-00,USA,White Plains NY,male,2009,physics,Bell Laboratories,Murray Hill NJ,USA,
599,Venkatraman,Ramakrishnan,1952-00-00,0000-00-00,India,Chidambaram Tamil Nadu,male,2009,chemistry,MRC Laboratory of Molecular Biology,Cambridge,United Kingdom,Asian
600,Thomas A.,Steitz,1940-08-23,2018-08-23,USA,Milwaukee WI,male,2009,chemistry,Yale University,New Haven CT,USA,
601,Ada E.,Yonath,1939-06-22,0000-00-00,Israel,Jerusalem,female,2009,chemistry,Weizmann Institute of Science,Rehovot,Israel,Asian
602,Elinor,Ostrom,1933-08-07,2012-06-12,USA,Los Angeles CA,female,2009,economics,Indiana University,Bloomington IN,USA,
603,Oliver E.,Williamson,1932-09-27,0000-00-00,USA,Superior WI,male,2009,economics,University of California,Berkeley CA,USA,
604,Robert G.,Edwards,1925-09-27,2013-04-10,United Kingdom,Batley,male,2010,medicine,University of Cambridge,Cambridge,United Kingdom,
605,Andre,Geim,1958-10-21,0000-00-00,Russia,Sochi,male,2010,physics,University of Manchester,Manchester,United Kingdom,
606,Konstantin,Novoselov,1974-08-23,0000-00-00,Russia,Nizhny Tagil,male,2010,physics,University of Manchester,Manchester,United Kingdom,
607,Richard F.,Heck,1931-08-15,2015-10-09,USA,Springfield MA,male,2010,chemistry,University of Delaware,,USA,
608,Ei-ichi,Negishi,1935-07-14,2021-06-06,China,Changchun,male,2010,chemistry,Purdue University,West Lafayette IN,USA,Asian
609,Akira,Suzuki,1930-09-12,0000-00-00,Japan,Mukawa,male,2010,chemistry,Hokkaido University,Sapporo,Japan,Asian
610,Peter A.,Diamond,1940-04-29,0000-00-00,USA,New York NY,male,2010,economics,Massachusetts Institute of Technology (MIT),Cambridge MA,USA,
611,Dale T.,Mortensen,1939-02-02,2014-01-09,USA,Enterprise OR,male,2010,economics,Northwestern University,Evanston IL,USA,
612,Christopher A.,Pissarides,1948-02-20,0000-00-00,Cyprus,Nicosia,male,2010,economics,London School of Economics and Political Science,London,United Kingdom,
613,Bruce A.,Beutler,1957-12-29,0000-00-00,USA,Chicago IL,male,2011,medicine,University of Texas Southwestern Medical Center at Dallas,Dallas TX,USA,
614,Jules A.,Hoffmann,1941-08-02,0000-00-00,Luxembourg,Echternach,male,2011,medicine,University of Strasbourg,Strasbourg,France,
615,Ralph M.,Steinman,1943-01-14,2011-09-30,Canada,Montreal,male,2011,medicine,Rockefeller University,New York NY,USA,
616,Saul,Perlmutter,1959-00-00,0000-00-00,USA,Champaign-Urbana IL,male,2011,physics,Lawrence Berkeley National Laboratory,Berkeley CA,USA,
617,Brian P.,Schmidt,1967-02-24,0000-00-00,USA,Missoula MT,male,2011,physics,Australian National University,Weston Creek,Australia,
618,Adam G.,Riess,1969-12-16,0000-00-00,USA,Washington D.C.,male,2011,physics,Johns Hopkins University,Baltimore MD,USA,
619,Dan,Shechtman,1941-01-24,0000-00-00,Israel,Tel Aviv,male,2011,chemistry,Technion - Israel Institute of Technology,Haifa,Israel,Asian
620,Thomas J.,Sargent,1943-07-19,0000-00-00,USA,Pasadena CA,male,2011,economics,New York University,New York NY,USA,
621,Christopher A.,Sims,1942-10-21,0000-00-00,USA,Washington D.C.,male,2011,economics,Princeton University,Princeton NJ,USA,
622,Sir John B.,Gurdon,1933-10-02,0000-00-00,United Kingdom,Dippenhall,male,2012,medicine,Gurdon Institute,Cambridge,United Kingdom,
623,Shinya,Yamanaka,1962-09-04,0000-00-00,Japan,Osaka,male,2012,medicine,Kyoto University,Kyoto,Japan,Asian
624,Serge,Haroche,1944-09-11,0000-00-00,Morocco,Casablanca,male,2012,physics,Collège de France,Paris,France,African
625,David J.,Wineland,1944-02-24,0000-00-00,USA,Milwaukee WI,male,2012,physics,National Institute of Standards and Technology,Boulder CO,USA,
626,Robert J.,Lefkowitz,1943-04-15,0000-00-00,USA,New York NY,male,2012,chemistry,Howard Hughes Medical Institute,,USA,
627,Brian,Kobilka,1955-05-30,0000-00-00,USA,Little Falls MN,male,2012,chemistry,Stanford University School of Medicine,Stanford CA,USA,
628,Alvin E.,Roth,1951-12-18,0000-00-00,USA,New York NY,male,2012,economics,Harvard University,Cambridge MA,USA,
629,Lloyd S.,Shapley,1923-06-02,2016-03-12,USA,Cambridge MA,male,2012,economics,University of California,Los Angeles CA,USA,
630,James E.,Rothman,1950-11-03,0000-00-00,USA,Haverhill MA,male,2013,medicine,Yale University,New Haven CT,USA,
631,Randy W.,Schekman,1948-12-30,0000-00-00,USA,St. Paul MN,male,2013,medicine,University of California,Berkeley CA,USA,
632,Thomas C.,Südhof,1955-12-22,0000-00-00,Germany,Göttingen,male,2013,medicine,Stanford University,Stanford CA,USA,
633,François,Englert,1932-11-06,0000-00-00,Belgium,Etterbeek,male,2013,physics,Université Libre de Bruxelles,Brussels,Belgium,
634,Peter,Higgs,1929-05-29,0000-00-00,United Kingdom,Newcastle upon Tyne,male,2013,physics,University of Edinburgh,Edinburgh,United Kingdom,
635,Martin,Karplus,1930-03-15,0000-00-00,Austria,Vienna,male,2013,chemistry,Université de Strasbourg,Strasbourg,France,
636,Michael,Levitt,1947-05-09,0000-00-00,South Africa,Pretoria,male,2013,chemistry,Stanford University School of Medicine,Stanford CA,USA,African
637,Arieh,Warshel,1940-11-20,0000-00-00,Israel,Kibbutz Sde-Nahum,male,2013,chemistry,University of Southern California,Los Angeles CA,USA,Asian
638,Eugene F.,Fama,1939-02-14,0000-00-00,USA,Boston MA,male,2013,economics,University of Chicago,Chicago IL,USA,
639,Lars Peter,Hansen,1952-10-26,0000-00-00,USA,Urbana IL,male,2013,economics,University of Chicago,Chicago IL,USA,
640,Robert J.,Shiller,1946-03-29,0000-00-00,USA,Detroit MI,male,2013,economics,Yale University,New Haven CT,USA,
641,John,O'Keefe,1939-11-18,0000-00-00,USA,New York NY,male,2014,medicine,University College,London,United Kingdom,
642,May-Britt,Moser,1963-01-04,0000-00-00,Norway,Fosnavåg,female,2014,medicine,Norwegian University of Science and Technology (NTNU),Trondheim,Norway,
643,Edvard I.,Moser,1962-04-27,0000-00-00,Norway,Ålesund,male,2014,medicine,Norwegian University of Science and Technology (NTNU),Trondheim,Norway,
644,Isamu,Akasaki,1929-01-30,2021-04-01,Japan,Chiran,male,2014,physics,Meijo University,Nagoya,Japan,Asian
645,Hiroshi,Amano,1960-09-11,0000-00-00,Japan,Hamamatsu,male,2014,physics,Nagoya University,Nagoya,Japan,Asian
646,Shuji,Nakamura,1954-05-22,0000-00-00,Japan,Ikata,male,2014,physics,University of California,Santa Barbara CA,USA,Asian
647,Eric,Betzig,1960-01-13,0000-00-00,USA,Ann Arbor MI,male,2014,chemistry,Janelia Research Campus Howard Hughes Medical Institute,Ashburn VA,USA,
648,Stefan W.,Hell,1962-12-23,0000-00-00,Romania,Arad,male,2014,chemistry,Max Planck Institute for Biophysical Chemistry,Göttingen,Germany,
649,William E.,Moerner,1953-06-24,0000-00-00,USA,Pleasanton CA,male,2014,chemistry,Stanford University,Stanford CA,USA,
650,Jean,Tirole,1953-08-09,0000-00-00,France,Troyes,male,2014,economics,Toulouse School of Economics (TSE),Toulouse,France,
651,William C.,Campbell,1930-06-28,0000-00-00,Ireland,Ramelton,male,2015,medicine,Drew University,Madison NJ,USA,
652,Satoshi,Ōmura,1935-07-12,0000-00-00,Japan,Yamanashi Prefecture,male,2015,medicine,Kitasato University,Tokyo,Japan,Asian
653,Youyou,Tu,1930-12-30,0000-00-00,China,Zhejiang Ningbo,female,2015,medicine,China Academy of Traditional Chinese Medicine,Beijing,China,Asian
654,Takaaki,Kajita,1959-03-09,0000-00-00,Japan,Higashimatsuyama,male,2015,physics,University of Tokyo,Kashiwa,Japan,Asian
655,Arthur B.,McDonald,1943-08-29,0000-00-00,Canada,Sydney Nova Scotia,male,2015,physics,Queen's University,Kingston,Canada,
656,Tomas,Lindahl,1938-01-28,0000-00-00,Sweden,Stockholm,male,2015,chemistry,Francis Crick Institute,Hertfordshire,United Kingdom,
657,Paul,Modrich,1946-06-13,0000-00-00,USA,Raton NM,male,2015,chemistry,Howard Hughes Medical Institute,Durham NC,USA,
658,Aziz,Sancar,1946-09-08,0000-00-00,Turkey,Savur,male,2015,chemistry,University of North Carolina,Chapel Hill NC,USA,Asian
659,Angus,Deaton,1945-10-19,0000-00-00,Scotland,Edinburgh,male,2015,economics,Princeton University,Princeton NJ,USA,
660,Yoshinori,Ohsumi,1945-02-09,0000-00-00,Japan,Fukuoka,male,2016,medicine,Tokyo Institute of Technology,Tokyo,Japan,Asian
661,David J.,Thouless,1934-09-21,2019-04-06,United Kingdom,Bearsden,male,2016,physics,University of Washington,Seattle WA,USA,
662,F. Duncan M.,Haldane,1951-09-14,0000-00-00,United Kingdom,London,male,2016,physics,Princeton University,Princeton NJ,USA,
663,J. Michael,Kosterlitz,1943-06-22,0000-00-00,United Kingdom,Aberdeen,male,2016,physics,Brown University,Providence RI,USA,
664,Jean-Pierre,Sauvage,1944-10-21,0000-00-00,France,Paris,male,2016,chemistry,University of Strasbourg,Strasbourg,France,
665,Sir J. Fraser,Stoddart,1942-05-24,0000-00-00,United Kingdom,Edinburgh,male,2016,chemistry,Northwestern University,Evanston IL,USA,
666,Bernard L.,Feringa,1951-05-18,0000-00-00,the Netherlands,Barger-Compascuum,male,2016,chemistry,University of Groningen,Groningen,the Netherlands,
667,Oliver,Hart,1948-10-09,0000-00-00,United Kingdom,London,male,2016,economics,Harvard University,Cambridge MA,USA,
668,Bengt,Holmström,1949-04-18,0000-00-00,Finland,Helsinki,male,2016,economics,Massachusetts Institute of Technology (MIT),Cambridge MA,USA,
669,Jeffrey C.,Hall,1945-05-03,0000-00-00,USA,New York NY,male,2017,medicine,University of Maine,Maine ME,USA,
670,Michael,Rosbash,1944-03-07,0000-00-00,USA,Kansas City MO,male,2017,medicine,Brandeis University,Waltham MA,USA,
671,Michael W.,Young,1949-03-28,0000-00-00,USA,Miami FL,male,2017,medicine,Rockefeller University,New York NY,USA,
672,Rainer,Weiss,1932-09-29,0000-00-00,Germany,Berlin,male,2017,physics,LIGO/VIRGO Collaboration,,,
673,Barry C.,Barish,1936-01-27,0000-00-00,USA,Omaha NE,male,2017,physics,LIGO/VIRGO Collaboration,,,
674,Kip S.,Thorne,1940-06-01,0000-00-00,USA,Logan UT,male,2017,physics,LIGO/VIRGO Collaboration,,,
675,Jacques,Dubochet,1942-06-08,0000-00-00,Switzerland,Aigle,male,2017,chemistry,University of Lausanne,Lausanne,Switzerland,
676,Joachim,Frank,1940-09-12,0000-00-00,Germany,Siegen,male,2017,chemistry,Columbia University,New York NY,USA,
677,Richard,Henderson,1945-07-19,0000-00-00,Scotland,Edinburgh,male,2017,chemistry,MRC Laboratory of Molecular Biology,Cambridge,United Kingdom,
678,Richard H.,Thaler,1945-09-12,0000-00-00,USA,East Orange NJ,male,2017,economics,University of Chicago,Chicago IL,USA,
679,James P.,Allison,1948-08-07,0000-00-00,USA,Alice TX,male,2018,medicine,Parker Institute for Cancer Immunotherapy,San Francisco CA,USA,
680,Tasuku,Honjo,1942-01-27,0000-00-00,Japan,Kyoto,male,2018,medicine,Kyoto University,Kyoto,Japan,Asian
681,Arthur,Ashkin,1922-09-02,2020-09-21,USA,New York NY,male,2018,physics,Bell Laboratories,Holmdel NJ,USA,
682,Gérard,Mourou,1944-06-22,0000-00-00,France,Albertville,male,2018,physics,École Polytechnique,Palaiseau,France,
683,Donna,Strickland,1959-05-27,0000-00-00,Canada,Guelph,female,2018,physics,University of Waterloo,Waterloo,Canada,
684,Frances H.,Arnold,1956-07-25,0000-00-00,USA,Pittsburgh PA,female,2018,chemistry,California Institute of Technology (Caltech),Pasadena CA,USA,
685,George P.,Smith,1941-03-10,0000-00-00,USA,Norwalk CT,male,2018,chemistry,University of Missouri,Columbia,USA,
686,Sir Gregory P.,Winter,1951-04-14,0000-00-00,United Kingdom,Leicester,male,2018,chemistry,MRC Laboratory of Molecular Biology,Cambridge,United Kingdom,
687,William D.,Nordhaus,1941-05-31,0000-00-00,USA,Albuquerque NM,male,2018,economics,Yale University,New Haven CT,USA,
688,Paul M.,Romer,1955-00-00,0000-00-00,USA,Denver CO,male,2018,economics,NYU Stern School of Business,New York NY,USA,
689,William,Kaelin,1957-11-23,0000-00-00,USA,New York NY,male,2019,medicine,Harvard Medical School,Boston MA,USA,
690,Peter,Ratcliffe,1954-05-14,0000-00-00,United Kingdom,Lancashire,male,2019,medicine,University of Oxford,Oxford,United Kingdom,
691,Gregg,Semenza,1956-07-12,0000-00-00,USA,New York NY,male,2019,medicine,Johns Hopkins University,Baltimore MD,USA,
692,James,Peebles,1935-04-25,0000-00-00,Canada,Winnipeg,male,2019,physics,Princeton University,Princeton NJ,USA,
693,Michel,Mayor,1942-01-12,0000-00-00,Switzerland,Lausanne,male,2019,physics,University of Geneva,Geneva,Switzerland,
694,Didier,Queloz,1966-02-23,0000-00-00,Switzerland,Geneva,male,2019,physics,University of Geneva,Geneva,Switzerland,
695,John,Goodenough,1922-07-25,2023-06-25,Germany,Jena,male,2019,chemistry,University of Texas,Austin TX,USA,
696,M. Stanley,Whittingham,1941-12-22,0000-00-00,United Kingdom,,male,2019,chemistry,Binghamton University State University of New York,New York NY,USA,
697,Akira,Yoshino,1948-01-30,0000-00-00,Japan,Suita,male,2019,chemistry,Asahi Kasei Corporation,Tokyo,Japan,Asian
698,Abhijit,Banerjee,1961-02-21,0000-00-00,India,Mumbai,male,2019,economics,Massachusetts Institute of Technology (MIT),Cambridge MA,USA,Asian
699,Esther,Duflo,1972-10-25,0000-00-00,France,Paris,female,2019,economics,Massachusetts Institute of Technology (MIT),Cambridge MA,USA,
700,Michael,Kremer,1964-11-12,0000-00-00,USA,New York NY,male,2019,economics,Harvard University,Cambridge MA,USA,
701,Harvey,Alter,1935-09-12,0000-00-00,USA,New York NY,male,2020,medicine,National Institutes of Health,Bethesda MD,USA,
702,Michael,Houghton,1949-00-00,0000-00-00,United Kingdom,,male,2020,medicine,University of Alberta,Edmonton,Canada,
703,Charles,Rice,1952-08-25,0000-00-00,USA,Sacramento CA,male,2020,medicine,Rockefeller University,New York NY,USA,
704,Roger,Penrose,1931-08-08,0000-00-00,United Kingdom,Colchester,male,2020,physics,University of Oxford,Oxford,United Kingdom,
705,Reinhard,Genzel,1952-03-24,0000-00-00,Germany,Bad Homburg vor der Höhe,male,2020,physics,Max Planck Institute for Extraterrestrial Physics,Garching,Germany,
706,Andrea,Ghez,1965-06-16,0000-00-00,USA,New York NY,female,2020,physics,University of California,Los Angeles CA,USA,
707,Emmanuelle,Charpentier,1968-12-11,0000-00-00,France,Juvisy-sur-Orge,female,2020,chemistry,Max Planck Unit for the Science of Pathogens,Berlin,Germany,
708,Jennifer A.,Doudna,1964-02-19,0000-00-00,USA,Washington D.C.,female,2020,chemistry,University of California,Berkeley CA,USA,
709,Paul,Milgrom,1948-04-20,0000-00-00,USA,Detroit MI,male,2020,economics,Stanford University,Stanford CA,USA,
710,Robert,Wilson,1937-05-16,0000-00-00,USA,Geneva NE,male,2020,economics,Stanford University,Stanford CA,USA,
711,David,Julius,1955-11-04,0000-00-00,USA,New York NY,male,2021,medicine,University of California,San Francisco CA,USA,
712,Ardem,Patapoutian,1967-00-00,0000-00-00,Lebanon,Beirut,male,2021,medicine,Scripps Research,La Jolla CA,USA,
713,Syukuro,Manabe,1931-09-21,0000-00-00,Japan,Shingu Ehime,male,2021,physics,Princeton University,Princeton NJ,USA,Asian
714,Klaus,Hasselmann,1931-10-25,0000-00-00,Germany,Hamburg,male,2021,physics,Max Planck Institute for Meteorology,Hamburg,Germany,
715,Giorgio,Parisi,1948-08-04,0000-00-00,Italy,Rome,male,2021,physics,Sapienza University of Rome,Rome,Italy,
716,Benjamin,List,1968-01-11,0000-00-00,Germany,Frankfurt-on-the-Main,male,2021,chemistry,Max-Planck-Institut für Kohlenforschung,Mülheim an der Ruhr,Germany,
717,David,MacMillan,1968-03-16,0000-00-00,United Kingdom,Bellshill,male,2021,chemistry,Princeton University,Princeton NJ,USA,
718,David,Card,1956-00-00,0000-00-00,Canada,Guelph,male,2021,economics,University of California,Berkeley CA,USA,
719,Joshua,Angrist,1960-09-18,0000-00-00,USA,Columbus OH,male,2021,economics,Massachusetts Institute of Technology (MIT),Cambridge MA,USA,
720,Guido,Imbens,1963-09-03,0000-00-00,the Netherlands,Geldrop,male,2021,economics,Stanford University,Stanford CA,USA,
721,Svante,Pääbo,1955-04-20,0000-00-00,Sweden,Stockholm,male,2022,medicine,Max Planck Institute for Evolutionary Anthropology,Leipzig,Germany,
722,Alain,Aspect,1947-06-15,0000-00-00,France,Agen,male,2022,physics,Institut d’Optique Graduate School – Université Paris-Saclay,Paris,France,
723,John,Clauser,1942-12-01,0000-00-00,USA,Pasadena CA,male,2022,physics,J.F. Clauser & Assoc.,Walnut Creek CA,USA,
724,Anton,Zeilinger,1945-05-20,0000-00-00,Austria,Ried im Innkreis,male,2022,physics,University of Vienna,Vienna,Austria,
725,Carolyn,Bertozzi,1966-10-10,0000-00-00,USA,Boston MA,female,2022,chemistry,Stanford University,Stanford CA,USA,
726,Morten,Meldal,1954-00-00,0000-00-00,Denmark,Copenhagen,male,2022,chemistry,University of Copenhagen,Copenhagen,Denmark,
727,Ben,Bernanke,1953-12-13,0000-00-00,USA,Augusta GA,male,2022,economics,The Brookings Institution,Washington D.C.,USA,
728,Douglas,Diamond,1953-10-25,0000-00-00,USA,Chicago IL,male,2022,economics,University of Chicago,Chicago IL,USA,
729,Philip,Dybvig,1955-05-22,0000-00-00,USA,Gainesville FL,male,2022,economics,Washington University,St. Louis MO,USA,
730,Katalin,Karikó,1955-01-17,0000-00-00,Hungary,Szolnok,female,2023,medicine,Szeged University,Szeged,Hungary,
731,Drew,Weissman,1959-09-07,0000-00-00,USA,Lexington MA,male,2023,medicine,Penn Institute for RNA Innovations University of Pennsylvania,Philadelphia PA,USA,
732,Pierre,Agostini,1941-07-23,0000-00-00,Tunisia,Tunis,male,2023,physics,The Ohio State University,Columbus OH,USA,
733,Ferenc,Krausz,1962-05-17,0000-00-00,Hungary,Mór,male,2023,physics,Max Planck Institute of Quantum Optics,Garching,Germany,
734,Anne,L’Huillier,1958-08-16,0000-00-00,France,Paris,female,2023,physics,Lund University,Lund,Sweden,
735,Moungi,Bawendi,1961-00-00,0000-00-00,France,Paris,male,2023,chemistry,Massachusetts Institute of Technology (MIT),Cambridge MA,USA,
736,Louis,Brus,1943-00-00,0000-00-00,USA,Cleveland OH,male,2023,chemistry,Columbia University,New York NY,USA,
737,Aleksey,Yekimov,1945-00-00,0000-00-00,Russia,St. Petersburg,male,2023,chemistry,Nanocrystals Technology Inc.,New York NY,USA,
738,Claudia,Goldin,1946-00-00,0000-00-00,USA,New York NY,female,2023,economics,Harvard University,Cambridge MA,USA,
